id,first_name,last_name,email,gender,club_status,comments
1,Gabriell,Shewan,gshewan0@vistaprint.com,Female,platinum,Customer-focused content-based Graphic Interface
2,Humberto,Nelsey,hnelsey1@odnoklassniki.ru,Male,gold,Public-key bottom-line encoding
3,Ethelred,Marques,emarques2@desdev.cn,Male,bronze,Up-sized coherent Graphic Interface
4,Nelson,Hartburn,nhartburn3@deviantart.com,Male,silver,Streamlined bifurcated frame
5,Bail,Birchwood,bbirchwood4@house.gov,Male,gold,Profit-focused homogeneous knowledge base
6,Phebe,Huws,phuws5@nymag.com,Female,bronze,Re-engineered contextually-based challenge
7,Gav,Chaundy,gchaundy6@dagondesign.com,Male,bronze,Integrated uniform service-desk
8,Kris,Skyner,kskyner7@hp.com,Male,silver,Seamless optimal circuit
9,Simeon,Mourgue,smourgue8@sciencedaily.com,Male,platinum,Public-key multi-state definition
10,Sloan,Merring,smerring9@macromedia.com,Male,silver,Synergized fault-tolerant function
11,Ezra,Zorzin,ezorzina@home.pl,Male,gold,Business-focused web-enabled intranet
12,Dare,Balasin,dbalasinb@cdbaby.com,Male,bronze,Re-engineered maximized firmware
13,Heall,Klesse,hklessec@irs.gov,Male,gold,Devolved stable hardware
14,Reinaldos,Shewsmith,rshewsmithd@spiegel.de,Male,gold,Upgradable fault-tolerant policy
15,Claudina,Prettyjohn,cprettyjohne@addtoany.com,Female,platinum,Expanded content-based access
16,Emmet,Dorcey,edorceyf@merriam-webster.com,Male,platinum,Organic analyzing frame
17,Kristin,Paolazzi,kpaolazzig@msu.edu,Female,silver,Managed disintermediate application
18,Maurice,Blewis,mblewish@patch.com,Male,platinum,Proactive actuating Graphical User Interface
19,Rossie,Vany,rvanyi@rambler.ru,Male,bronze,Monitored multi-state middleware
20,Sebastien,Geffcock,sgeffcockj@ca.gov,Male,bronze,Customer-focused encompassing middleware
21,Fonzie,Mycroft,fmycroftk@wired.com,Male,gold,Streamlined non-volatile flexibility
22,Shepherd,Snoxall,ssnoxalll@epa.gov,Male,bronze,Vision-oriented full-range strategy
23,Delilah,Flippelli,dflippellim@fastcompany.com,Female,platinum,Re-contextualized demand-driven forecast
24,Gill,Tarpey,gtarpeyn@china.com.cn,Female,platinum,Switchable explicit collaboration
25,Marcello,Koeppke,mkoeppkeo@typepad.com,Male,gold,User-centric clear-thinking access
26,Jewelle,Wileman,jwilemanp@51.la,Female,platinum,Innovative 4th generation collaboration
27,Adria,Foat,afoatq@tinyurl.com,Female,gold,Virtual fault-tolerant software
28,Moyra,Willford,mwillfordr@over-blog.com,Female,bronze,Focused 24 hour extranet
29,Cindelyn,Greatbanks,cgreatbankss@epa.gov,Female,platinum,Multi-lateral 6th generation info-mediaries
30,Weidar,Skelbeck,wskelbeckt@macromedia.com,Male,bronze,Triple-buffered interactive knowledge base
31,Carolus,Snoxell,csnoxellu@histats.com,Male,silver,Digitized reciprocal encoding
32,Adeline,Joska,ajoskav@bluehost.com,Female,bronze,Function-based demand-driven protocol
33,Millisent,Beane,mbeanew@aboutads.info,Female,gold,Total encompassing access
34,Derril,Banstead,dbansteadx@yolasite.com,Male,platinum,Fully-configurable dynamic monitoring
35,Wendi,Durram,wdurramy@cloudflare.com,Female,platinum,Self-enabling needs-based infrastructure
36,Hortensia,Defries,hdefriesz@samsung.com,Female,platinum,Fundamental optimal initiative
37,Eudora,Robinett,erobinett10@hexun.com,Female,silver,Reverse-engineered empowering benchmark
38,Gwendolen,Moakson,gmoakson11@privacy.gov.au,Female,bronze,Future-proofed coherent analyzer
39,Evangelia,Loveday,eloveday12@home.pl,Female,gold,Exclusive reciprocal application
40,Woodie,Bader,wbader13@cmu.edu,Male,bronze,Assimilated grid-enabled function
41,Lazare,Hansemann,lhansemann14@google.ru,Male,silver,Synergized upward-trending support
42,Taddeusz,Corbett,tcorbett15@nifty.com,Male,gold,Quality-focused incremental attitude
43,Nevin,Arpin,narpin16@upenn.edu,Male,platinum,Stand-alone clear-thinking hierarchy
44,Bianka,Housaman,bhousaman17@nyu.edu,Female,bronze,Profit-focused logistical internet solution
45,Bronny,Robillard,brobillard18@exblog.jp,Male,silver,Monitored dynamic encryption
46,Magdaia,Applewhite,mapplewhite19@ox.ac.uk,Female,platinum,Pre-emptive fresh-thinking structure
47,Alvera,Kitman,akitman1a@bbc.co.uk,Female,platinum,Face to face national intranet
48,Pearla,Yancey,pyancey1b@wordpress.com,Female,silver,Visionary encompassing access
49,Salli,Lovegrove,slovegrove1c@posterous.com,Female,silver,Cross-group contextually-based flexibility
50,Teodorico,Sibbs,tsibbs1d@chron.com,Male,gold,Networked multi-state superstructure
51,Parsifal,Paulson,ppaulson1e@wordpress.org,Male,platinum,Progressive homogeneous archive
52,Harmonie,Sacase,hsacase1f@spotify.com,Female,bronze,Up-sized zero defect budgetary management
53,Lily,Ovey,lovey1g@qq.com,Female,bronze,Operative bi-directional secured line
54,Moritz,Piers,mpiers1h@ebay.co.uk,Male,silver,Re-engineered object-oriented utilisation
55,Temple,Bithany,tbithany1i@gov.uk,Male,bronze,Innovative 24/7 pricing structure
56,Riordan,Rozet,rrozet1j@va.gov,Male,gold,Exclusive hybrid artificial intelligence
57,Iorgos,Ales0,iales1k@accuweather.com,Male,gold,Synchronised fault-tolerant knowledge base
58,Nicolais,Tomney,ntomney1l@cnn.com,Male,gold,Object-based scalable functionalities
59,Aleda,Thrush,athrush1m@auda.org.au,Female,bronze,Grass-roots radical benchmark
60,Alastair,Farnworth,afarnworth1n@gravatar.com,Male,silver,Proactive client-server array
61,Phyllys,De la Barre,pdelabarre1o@ftc.gov,Female,platinum,Distributed bi-directional firmware
62,Clyde,Mazzilli,cmazzilli1p@vimeo.com,Male,platinum,Triple-buffered asymmetric complexity
63,Lyndsie,Cracker,lcracker1q@edublogs.org,Female,gold,De-engineered neutral local area network
64,Caldwell,Mowsdell,cmowsdell1r@tuttocitta.it,Male,gold,Assimilated static frame
65,Cointon,Allcoat,callcoat1s@cocolog-nifty.com,Male,silver,Customer-focused bi-directional definition
66,Crichton,Weddeburn - Scrimgeour,cweddeburnscrimgeour1t@feedburner.com,Male,silver,Up-sized object-oriented ability
67,Welby,Toffts,wtoffts1u@xing.com,Male,gold,Persistent human-resource concept
68,Allsun,Belch,abelch1v@skype.com,Female,silver,Multi-tiered modular capacity
69,Ashby,Toward,atoward1w@canalblog.com,Male,gold,Multi-tiered directional archive
70,Winston,Simondson,wsimondson1x@wsj.com,Male,gold,Open-source hybrid matrix
71,Gillan,Tasseler,gtasseler1y@infoseek.co.jp,Female,bronze,Horizontal multimedia forecast
72,Barnett,Kempe,bkempe1z@prnewswire.com,Male,silver,Advanced cohesive function
73,Michaella,Brewse,mbrewse20@census.gov,Female,gold,Advanced client-driven capability
74,Lisetta,Czajkowska,lczajkowska21@joomla.org,Female,platinum,Enhanced user-facing attitude
75,Elihu,Dettmar,edettmar22@moonfruit.com,Male,platinum,Secured disintermediate neural-net
76,Abbey,McKinna,amckinna23@rakuten.co.jp,Male,gold,Synergized didactic model
77,Libbi,Leyborne,lleyborne24@1688.com,Female,gold,Distributed radical budgetary management
78,Nappie,Toms,ntoms25@360.cn,Male,bronze,User-friendly 3rd generation database
79,Tera,Aucourte,taucourte26@google.pl,Female,gold,Upgradable 3rd generation flexibility
80,Arabel,Chalice,achalice27@facebook.com,Female,platinum,Reduced interactive database
81,Bryant,Evelyn,bevelyn28@xing.com,Male,platinum,Front-line explicit groupware
82,Clemence,Presshaugh,cpresshaugh29@google.co.uk,Female,gold,Inverse clear-thinking capability
83,Legra,Huguenet,lhuguenet2a@blog.com,Female,platinum,Configurable dedicated neural-net
84,Raoul,Goodburn,rgoodburn2b@blogtalkradio.com,Male,platinum,Synergistic dedicated data-warehouse
85,Judie,Whitelock,jwhitelock2c@japanpost.jp,Female,gold,De-engineered multi-tasking artificial intelligence
86,Osgood,Parfitt,oparfitt2d@pen.io,Male,silver,Secured 24 hour functionalities
87,Jere,Gaggen,jgaggen2e@dropbox.com,Female,silver,Centralized user-facing functionalities
88,Hyacinthia,Ambresin,hambresin2f@howstuffworks.com,Female,gold,Switchable tangible framework
89,Cullan,Hyland,chyland2g@about.com,Male,bronze,Extended systematic attitude
90,Horatius,Gotcher,hgotcher2h@odnoklassniki.ru,Male,silver,Total leading edge intranet
91,Chet,Lanktree,clanktree2i@fastcompany.com,Male,gold,Multi-channelled directional array
92,Lilith,Bantick,lbantick2j@ameblo.jp,Female,silver,Polarised background concept
93,Baryram,Balma,bbalma2k@cyberchimps.com,Male,bronze,Switchable holistic task-force
94,Gaye,Pinke,gpinke2l@craigslist.org,Female,gold,User-friendly upward-trending architecture
95,Jefferey,Torrie,jtorrie2m@studiopress.com,Male,gold,Face to face full-range implementation
96,Quintin,Ivanisov,qivanisov2n@sciencedaily.com,Male,silver,Persistent leading edge local area network
97,Tawnya,Hargerie,thargerie2o@blinklist.com,Female,platinum,Horizontal full-range array
98,Silvanus,Swiffen,sswiffen2p@nyu.edu,Male,bronze,Cross-platform regional standardization
99,Kristoforo,Axe,kaxe2q@fema.gov,Male,platinum,Assimilated uniform intranet
100,Myron,Pallesen,mpallesen2r@w3.org,Male,gold,Triple-buffered methodical artificial intelligence
101,Lorena,Knotton,lknotton2s@live.com,Female,platinum,Future-proofed leading edge alliance
102,Carroll,Dottrell,cdottrell2t@who.int,Male,bronze,User-centric dedicated workforce
103,Vail,Leckie,vleckie2u@sina.com.cn,Male,platinum,Monitored bifurcated focus group
104,Ketty,Ragles,kragles2v@globo.com,Female,bronze,Upgradable client-server complexity
105,Frasier,Sagerson,fsagerson2w@blog.com,Male,gold,Implemented impactful migration
106,Mona,Pfaffel,mpfaffel2x@alibaba.com,Female,silver,Open-architected 5th generation hierarchy
107,Torrey,Hamlet,thamlet2y@google.nl,Male,platinum,Virtual value-added benchmark
108,Theodoric,Ibbett,tibbett2z@imdb.com,Male,bronze,Total eco-centric support
109,Chet,Gasperi,cgasperi30@yandex.ru,Male,silver,Horizontal human-resource functionalities
110,Sloane,Coppen,scoppen31@java.com,Male,silver,Profound human-resource implementation
111,Gloria,Crampton,gcrampton32@jiathis.com,Female,bronze,Synchronised eco-centric intranet
112,Liliane,Geer,lgeer33@buzzfeed.com,Female,silver,Profound reciprocal hardware
113,Esteban,Padfield,epadfield34@parallels.com,Male,platinum,Multi-layered multi-state circuit
114,Shanon,MacCallister,smaccallister35@wiley.com,Female,gold,Multi-tiered fresh-thinking groupware
115,Emmott,Sharer,esharer36@netlog.com,Male,platinum,Triple-buffered coherent matrices
116,Karly,Stammers,kstammers37@europa.eu,Female,platinum,Expanded grid-enabled open system
117,Federico,Strank,fstrank38@biglobe.ne.jp,Male,platinum,Fully-configurable global monitoring
118,Charlena,Ganders,cganders39@artisteer.com,Female,platinum,Object-based eco-centric service-desk
119,Cullie,Elsmere,celsmere3a@whitehouse.gov,Male,platinum,Fundamental next generation flexibility
120,Agnesse,Kilbride,akilbride3b@sitemeter.com,Female,platinum,Fundamental directional definition
121,Conny,Morkham,cmorkham3c@dagondesign.com,Male,silver,Monitored asymmetric alliance
122,Kellia,Wipper,kwipper3d@infoseek.co.jp,Female,silver,Triple-buffered well-modulated approach
123,Shaine,Regina,sregina3e@spotify.com,Female,bronze,Polarised transitional array
124,Annette,Labeuil,alabeuil3f@pagesperso-orange.fr,Female,gold,Vision-oriented context-sensitive hierarchy
125,Pauly,Challicombe,pchallicombe3g@earthlink.net,Male,gold,Public-key incremental emulation
126,Valentine,Haughin,vhaughin3h@weather.com,Male,platinum,Proactive encompassing strategy
127,Zahara,Bottini,zbottini3i@bloglovin.com,Female,platinum,Sharable client-server database
128,Alden,Purrington,apurrington3j@princeton.edu,Male,silver,Organic didactic migration
129,Libbi,Vasilchikov,lvasilchikov3k@domainmarket.com,Female,platinum,Team-oriented web-enabled challenge
130,Hayes,Sparey,hsparey3l@clickbank.net,Male,platinum,Decentralized 24/7 secured line
131,Kaylyn,Warricker,kwarricker3m@blogspot.com,Female,silver,Enterprise-wide context-sensitive architecture
132,Brier,Measor,bmeasor3n@twitpic.com,Female,silver,Synergistic value-added benchmark
133,Kristos,Pladen,kpladen3o@techcrunch.com,Male,gold,De-engineered exuding open system
134,Sinclare,Volks,svolks3p@cam.ac.uk,Male,platinum,Function-based demand-driven concept
135,Trudey,Gomersal,tgomersal3q@surveymonkey.com,Female,gold,Diverse fresh-thinking budgetary management
136,Zacharias,Pitcaithly,zpitcaithly3r@com.com,Male,platinum,Devolved exuding implementation
137,Nikolia,Lexa,nlexa3s@discuz.net,Female,silver,Ergonomic bandwidth-monitored product
138,Theo,McElrea,tmcelrea3t@techcrunch.com,Male,gold,Organized national workforce
139,Myrtie,Moat,mmoat3u@nsw.gov.au,Female,bronze,Managed uniform website
140,Davey,Crimp,dcrimp3v@nymag.com,Male,gold,Sharable upward-trending intranet
141,Dorice,Sleith,dsleith3w@elegantthemes.com,Female,platinum,Self-enabling multi-tasking infrastructure
142,Taryn,Filipiak,tfilipiak3x@prweb.com,Female,platinum,Exclusive logistical alliance
143,Marietta,Woolham,mwoolham3y@amazonaws.com,Male,gold,Multi-layered systemic customer loyalty
144,Ellwood,Janz,ejanz3z@de.vu,Male,bronze,Reduced background interface
145,Chan,Thripp,cthripp40@pen.io,Male,bronze,Expanded didactic standardization
146,Liane,Abbets,labbets41@bing.com,Female,bronze,Digitized dedicated Graphical User Interface
147,Julia,Madine,jmadine42@sfgate.com,Female,bronze,Cloned incremental parallelism
148,Byrann,McBratney,bmcbratney43@pen.io,Male,platinum,De-engineered methodical structure
149,Sheena,Fabb,sfabb44@edublogs.org,Female,gold,Optimized bandwidth-monitored capacity
150,Linnie,Dracksford,ldracksford45@naver.com,Female,bronze,Business-focused zero administration info-mediaries
151,Gregor,Lowings,glowings46@geocities.com,Male,platinum,Centralized asynchronous infrastructure
152,Alix,Kinnett,akinnett47@google.com.au,Male,gold,Re-engineered methodical encoding
153,Phineas,Witherden,pwitherden48@cnn.com,Male,gold,Function-based contextually-based benchmark
154,Arabela,Skein,askein49@sphinn.com,Female,bronze,Streamlined disintermediate groupware
155,Camile,Prowse,cprowse4a@nasa.gov,Female,platinum,Pre-emptive 24 hour success
156,Renie,Ortet,rortet4b@cnn.com,Female,silver,Upgradable even-keeled knowledge user
157,Curry,Gamage,cgamage4c@mayoclinic.com,Male,platinum,Horizontal 3rd generation orchestration
158,Wit,Landa,wlanda4d@desdev.cn,Male,bronze,Multi-layered encompassing instruction set
159,Lilith,Toope,ltoope4e@shareasale.com,Female,bronze,Profit-focused secondary success
160,Wright,Oxer,woxer4f@ca.gov,Male,gold,Proactive systemic definition
161,Oliy,Elward,oelward4g@admin.ch,Female,platinum,Robust secondary concept
162,Jody,Jerromes,jjerromes4h@paginegialle.it,Female,gold,Optimized multi-state protocol
163,Candide,Pods,cpods4i@slate.com,Female,gold,Extended maximized model
164,Zsazsa,Grevatt,zgrevatt4j@e-recht24.de,Female,platinum,Synchronised exuding installation
165,Wesley,Capron,wcapron4k@networksolutions.com,Male,gold,Cross-platform zero tolerance synergy
166,Silvano,Farady,sfarady4l@auda.org.au,Male,bronze,Customer-focused impactful website
167,Florina,Coushe,fcoushe4m@is.gd,Female,bronze,Configurable even-keeled application
168,Ninnetta,Kelshaw,nkelshaw4n@goo.ne.jp,Female,bronze,Pre-emptive national archive
169,Edlin,Woodcraft,ewoodcraft4o@newyorker.com,Male,silver,Public-key systemic hub
170,Angelique,Rhodes,arhodes4p@skype.com,Female,platinum,Centralized logistical pricing structure
171,Eldin,Emanuelov,eemanuelov4q@themeforest.net,Male,gold,Team-oriented demand-driven toolset
172,Merrily,Ervin,mervin4r@cdc.gov,Female,gold,Reduced bifurcated service-desk
173,Roosevelt,Headan,rheadan4s@addtoany.com,Male,bronze,Enhanced homogeneous Graphic Interface
174,Marrilee,Kinastan,mkinastan4t@pbs.org,Female,bronze,Multi-channelled heuristic success
175,Sunny,Fitzsimmons,sfitzsimmons4u@lycos.com,Male,silver,Focused systematic pricing structure
176,Belicia,Silson,bsilson4v@edublogs.org,Female,silver,Exclusive eco-centric help-desk
177,Gradey,Uccelli,guccelli4w@ovh.net,Male,bronze,Diverse responsive methodology
178,Dalila,Crust,dcrust4x@cloudflare.com,Female,silver,User-friendly optimizing projection
179,Ellerey,Slocombe,eslocombe4y@army.mil,Male,platinum,Adaptive global system engine
180,Keriann,Harbor,kharbor4z@dion.ne.jp,Female,gold,Decentralized fault-tolerant protocol
181,Hort,Nanson,hnanson50@weather.com,Male,silver,Open-source tangible local area network
182,Deck,MacNair,dmacnair51@w3.org,Male,silver,Customer-focused system-worthy forecast
183,Isis,Jeram,ijeram52@foxnews.com,Female,platinum,Centralized content-based contingency
184,Abbot,Parren,aparren53@addtoany.com,Male,silver,Multi-lateral 3rd generation portal
185,Whit,Craighall,wcraighall54@opensource.org,Male,platinum,Innovative national customer loyalty
186,Abagael,Trewhella,atrewhella55@blogspot.com,Female,bronze,Triple-buffered 5th generation help-desk
187,Chevy,Beautyman,cbeautyman56@51.la,Male,platinum,Upgradable intermediate knowledge base
188,Jacob,O'Mullaney,jomullaney57@nature.com,Male,silver,Enterprise-wide dedicated adapter
189,Inigo,Greensmith,igreensmith58@histats.com,Male,gold,Enterprise-wide attitude-oriented policy
190,Catharine,Raffan,craffan59@mapquest.com,Female,gold,Team-oriented local pricing structure
191,Valdemar,Rotherforth,vrotherforth5a@ucsd.edu,Male,gold,Business-focused zero administration infrastructure
192,Towney,Gelder,tgelder5b@bandcamp.com,Male,bronze,Stand-alone modular concept
193,Valene,MacNockater,vmacnockater5c@businesswire.com,Female,gold,Grass-roots methodical matrices
194,Auroora,Lincoln,alincoln5d@ca.gov,Female,bronze,Exclusive bandwidth-monitored open system
195,Gaylord,Stark,gstark5e@de.vu,Male,silver,Advanced intermediate Graphical User Interface
196,Bendix,Lowy,blowy5f@sina.com.cn,Male,bronze,Cross-group mission-critical success
197,Tamra,Eastup,teastup5g@tamu.edu,Female,silver,Virtual system-worthy info-mediaries
198,Janaye,Hayton,jhayton5h@theglobeandmail.com,Female,bronze,Enhanced 3rd generation policy
199,Brennen,Cawkwell,bcawkwell5i@parallels.com,Male,silver,Pre-emptive leading edge projection
200,Joann,Rexworthy,jrexworthy5j@fema.gov,Female,bronze,Right-sized mobile knowledge base
201,Coleen,Warrick,cwarrick5k@seesaa.net,Female,silver,Centralized scalable parallelism
202,Ava,Dommersen,adommersen5l@miitbeian.gov.cn,Female,bronze,Profit-focused system-worthy conglomeration
203,Matthias,Kunkel,mkunkel5m@vk.com,Male,bronze,Compatible asynchronous internet solution
204,Adore,Albutt,aalbutt5n@comcast.net,Female,silver,Synergistic 4th generation throughput
205,Darrick,Wilacot,dwilacot5o@apache.org,Male,platinum,Progressive motivating budgetary management
206,Eirena,Brayshaw,ebrayshaw5p@barnesandnoble.com,Female,bronze,Persevering content-based Graphical User Interface
207,Harley,Furze,hfurze5q@discovery.com,Male,gold,Integrated object-oriented artificial intelligence
208,Alyson,Stranieri,astranieri5r@merriam-webster.com,Female,platinum,Devolved analyzing model
209,Frederique,Chill,fchill5s@fc2.com,Female,silver,Business-focused composite definition
210,Ravi,Musicka,rmusicka5t@parallels.com,Male,silver,Future-proofed stable matrix
211,Arlyn,Pohlke,apohlke5u@ucoz.com,Female,platinum,Reduced dedicated neural-net
212,Tabatha,Khalid,tkhalid5v@discuz.net,Female,gold,Extended global monitoring
213,Dorisa,Full,dfull5w@state.tx.us,Female,gold,Function-based executive info-mediaries
214,Thibaud,Trenfield,ttrenfield5x@newyorker.com,Male,bronze,Monitored grid-enabled orchestration
215,Valle,Hincham,vhincham5y@statcounter.com,Male,silver,Secured foreground neural-net
216,Conrad,Riply,criply5z@ed.gov,Male,silver,Automated intangible info-mediaries
217,Berti,Preddy,bpreddy60@buzzfeed.com,Male,silver,Centralized local focus group
218,Husain,Rackley,hrackley61@about.com,Male,silver,Multi-lateral optimizing budgetary management
219,Lise,Alfonzo,lalfonzo62@fc2.com,Female,silver,Stand-alone explicit support
220,Robb,MacLese,rmaclese63@purevolume.com,Male,platinum,Upgradable composite toolset
221,Edin,Smedley,esmedley64@cbslocal.com,Female,silver,Grass-roots context-sensitive pricing structure
222,Ethelbert,Ralton,eralton65@indiegogo.com,Male,platinum,Face to face reciprocal database
223,Kayle,Edgcumbe,kedgcumbe66@hexun.com,Female,bronze,Configurable encompassing function
224,Jehu,Winsom,jwinsom67@yahoo.com,Male,bronze,Innovative 3rd generation secured line
225,Elvera,Browse,ebrowse68@technorati.com,Female,silver,Advanced 24/7 instruction set
226,Freemon,Delcastel,fdelcastel69@myspace.com,Male,gold,Reverse-engineered motivating attitude
227,Napoleon,Sibbs,nsibbs6a@ted.com,Male,silver,Upgradable analyzing projection
228,Vernor,Caughte,vcaughte6b@blogtalkradio.com,Male,gold,Versatile client-server methodology
229,Happy,Mayhow,hmayhow6c@baidu.com,Female,gold,Organic 4th generation help-desk
230,Alexandre,Jeafferson,ajeafferson6d@storify.com,Male,silver,Upgradable next generation middleware
231,Deeann,Sattin,dsattin6e@netvibes.com,Female,bronze,Stand-alone optimizing process improvement
232,Christie,Eccleston,ceccleston6f@usatoday.com,Male,platinum,Phased human-resource model
233,Levon,Starbucke,lstarbucke6g@youtu.be,Male,silver,Multi-layered motivating initiative
234,Hillier,Mitkin,hmitkin6h@bloomberg.com,Male,platinum,Cross-group multi-tasking hub
235,Douglass,Eglese,deglese6i@japanpost.jp,Male,bronze,Public-key neutral project
236,Burg,Barney,bbarney6j@furl.net,Male,platinum,Front-line radical Graphic Interface
237,Lisetta,Salterne,lsalterne6k@yale.edu,Female,gold,Open-source regional encryption
238,Ozzie,Wilstead,owilstead6l@goo.ne.jp,Male,gold,Managed fault-tolerant policy
239,Phillie,Lewsam,plewsam6m@howstuffworks.com,Female,gold,Down-sized empowering project
240,Meghann,Grabiec,mgrabiec6n@marriott.com,Female,bronze,Virtual modular portal
241,Claudetta,Heale,cheale6o@github.io,Female,platinum,Proactive 4th generation matrix
242,Domenic,Pilipyak,dpilipyak6p@wiley.com,Male,silver,Re-contextualized heuristic instruction set
243,Paddy,Tregian,ptregian6q@nature.com,Male,platinum,Visionary coherent open architecture
244,Aeriell,Curton,acurton6r@vinaora.com,Female,bronze,Customer-focused actuating archive
245,Horatius,Pybworth,hpybworth6s@tiny.cc,Male,bronze,Profound well-modulated standardization
246,Eliza,Geindre,egeindre6t@tamu.edu,Female,platinum,Visionary leading edge open system
247,Karlee,Jozefczak,kjozefczak6u@wix.com,Female,silver,Business-focused modular adapter
248,Barr,Sowden,bsowden6v@narod.ru,Male,bronze,Re-contextualized systemic firmware
249,Lisbeth,Gaitley,lgaitley6w@thetimes.co.uk,Female,silver,Open-source clear-thinking application
250,Woodie,Kivell,wkivell6x@weibo.com,Male,bronze,Compatible foreground model
251,Jarret,Lambot,jlambot6y@nih.gov,Male,gold,Right-sized fault-tolerant collaboration
252,Auberta,Budge,abudge6z@nih.gov,Female,platinum,Focused secondary parallelism
253,Rossie,Broek,rbroek70@theglobeandmail.com,Male,platinum,Extended systemic capacity
254,Malynda,Quadrio,mquadrio71@studiopress.com,Female,gold,Managed secondary forecast
255,Terrel,Barnard,tbarnard72@ebay.com,Male,silver,Universal intermediate workforce
256,Pedro,Douberday,pdouberday73@baidu.com,Male,gold,Synchronised zero defect Graphical User Interface
257,Lawry,Goodbarr,lgoodbarr74@instagram.com,Male,bronze,Innovative zero tolerance monitoring
258,Janelle,Peaddie,jpeaddie75@github.io,Female,gold,Self-enabling neutral strategy
259,Herman,Ivamy,hivamy76@vk.com,Male,bronze,Open-source 4th generation extranet
260,Berny,Janczewski,bjanczewski77@washingtonpost.com,Female,bronze,Reverse-engineered fresh-thinking approach
261,Candide,Thomson,cthomson78@reddit.com,Female,platinum,Virtual actuating attitude
262,Kippie,Care,kcare79@springer.com,Female,silver,Stand-alone explicit conglomeration
263,Wendeline,Shipway,wshipway7a@artisteer.com,Female,platinum,Integrated solution-oriented encoding
264,Kayle,Snufflebottom,ksnufflebottom7b@google.co.uk,Female,platinum,Streamlined analyzing extranet
265,Bel,MacKerley,bmackerley7c@addtoany.com,Female,platinum,Streamlined logistical policy
266,Buiron,Di Maggio,bdimaggio7d@vinaora.com,Male,gold,Multi-channelled multi-state synergy
267,Andromache,Beeckx,abeeckx7e@discovery.com,Female,platinum,Profit-focused 6th generation policy
268,Deloria,Goodee,dgoodee7f@list-manage.com,Female,bronze,Realigned foreground challenge
269,Jordan,Evenett,jevenett7g@a8.net,Male,gold,Managed bifurcated encoding
270,Cristen,Mazzilli,cmazzilli7h@about.me,Female,platinum,Automated object-oriented middleware
271,Josy,M'Chirrie,jmchirrie7i@cdbaby.com,Female,platinum,Cloned stable open system
272,Brooks,Sterndale,bsterndale7j@unicef.org,Female,platinum,Horizontal asynchronous leverage
273,Ianthe,Catonne,icatonne7k@51.la,Female,silver,Public-key needs-based Graphical User Interface
274,Pinchas,Saladin,psaladin7l@ifeng.com,Male,platinum,Monitored explicit alliance
275,Perle,Jezard,pjezard7m@jigsy.com,Female,gold,Robust 3rd generation utilisation
276,Boigie,Marre,bmarre7n@hugedomains.com,Male,gold,Assimilated hybrid budgetary management
277,Monique,Calderhead,mcalderhead7o@xinhuanet.com,Female,silver,User-centric next generation structure
278,Normand,Ludy,nludy7p@engadget.com,Male,gold,Vision-oriented homogeneous frame
279,Eldin,Tomasello,etomasello7q@ted.com,Male,gold,Intuitive fault-tolerant definition
280,Rolfe,Valeri,rvaleri7r@youtu.be,Male,platinum,Team-oriented multi-tasking open system
281,Carleton,Kenelin,ckenelin7s@vk.com,Male,platinum,Exclusive system-worthy open architecture
282,Humberto,Cavee,hcavee7t@springer.com,Male,platinum,User-friendly radical emulation
283,Leonidas,Winnister,lwinnister7u@usatoday.com,Male,gold,Ameliorated tangible database
284,Normy,Prentice,nprentice7v@yahoo.co.jp,Male,platinum,Re-contextualized neutral conglomeration
285,Mayor,Conkey,mconkey7w@netvibes.com,Male,bronze,Proactive 4th generation alliance
286,Dyann,Ganley,dganley7x@seattletimes.com,Female,bronze,Optional global product
287,Martynne,Shark,mshark7y@weather.com,Female,gold,Enterprise-wide zero defect algorithm
288,Konstanze,Jiracek,kjiracek7z@samsung.com,Female,platinum,Distributed secondary success
289,Nyssa,Firpo,nfirpo80@reference.com,Female,gold,Reverse-engineered optimizing algorithm
290,Conway,McBayne,cmcbayne81@time.com,Male,gold,Customizable heuristic toolset
291,Robinia,Ciciotti,rciciotti82@woothemes.com,Female,silver,Visionary human-resource standardization
292,Nicolais,Dincey,ndincey83@over-blog.com,Male,gold,Automated neutral forecast
293,Nissa,Huckfield,nhuckfield84@uiuc.edu,Female,bronze,Diverse 6th generation help-desk
294,Ainsley,Mullan,amullan85@google.pl,Female,bronze,Diverse bi-directional core
295,John,Gallahar,jgallahar86@prlog.org,Male,bronze,Team-oriented dynamic initiative
296,Ursula,Fattore,ufattore87@wordpress.org,Female,bronze,Centralized leading edge superstructure
297,Shurlock,Chmiel,schmiel88@chicagotribune.com,Male,bronze,Extended coherent task-force
298,Hill,Carlino,hcarlino89@princeton.edu,Male,gold,Profound uniform implementation
299,Leigha,Trott,ltrott8a@loc.gov,Female,silver,Customizable 24 hour instruction set
300,Luelle,Glencros,lglencros8b@is.gd,Female,gold,Polarised multi-state instruction set
301,Agosto,Chevolleau,achevolleau8c@apache.org,Male,bronze,User-centric disintermediate archive
302,Heall,Granleese,hgranleese8d@barnesandnoble.com,Male,gold,Streamlined web-enabled policy
303,Cassy,Biddlestone,cbiddlestone8e@purevolume.com,Female,silver,Inverse logistical support
304,Carmella,Dolton,cdolton8f@clickbank.net,Female,platinum,Object-based grid-enabled application
305,Desiri,Dennehy,ddennehy8g@xrea.com,Female,silver,Profit-focused composite local area network
306,Isidro,Coushe,icoushe8h@printfriendly.com,Male,gold,Polarised user-facing matrices
307,Horatius,Clever,hclever8i@theguardian.com,Male,bronze,Cloned modular time-frame
308,Cassandra,Emmert,cemmert8j@slate.com,Female,platinum,Team-oriented multi-tasking focus group
309,Pieter,Elrick,pelrick8k@unicef.org,Male,bronze,Down-sized multi-tasking interface
310,Jacquenetta,Jodkowski,jjodkowski8l@addthis.com,Female,platinum,Total well-modulated adapter
311,Matteo,Ingliss,mingliss8m@businessinsider.com,Male,platinum,Grass-roots solution-oriented strategy
312,Holli,Innis,hinnis8n@cmu.edu,Female,silver,Diverse tertiary knowledge user
313,Casar,Bowry,cbowry8o@free.fr,Male,gold,Optional incremental solution
314,Daphna,Sandercroft,dsandercroft8p@oaic.gov.au,Female,platinum,Digitized 24 hour service-desk
315,Katrine,Sibbering,ksibbering8q@jiathis.com,Female,silver,Distributed impactful support
316,Esra,Dignan,edignan8r@devhub.com,Male,gold,Inverse 4th generation strategy
317,Marion,Gludor,mgludor8s@e-recht24.de,Female,gold,Expanded exuding encryption
318,Hannie,Bance,hbance8t@istockphoto.com,Female,bronze,Reverse-engineered eco-centric moderator
319,Ninnetta,Busch,nbusch8u@free.fr,Female,silver,User-friendly content-based migration
320,Nevsa,Stewart,nstewart8v@symantec.com,Female,gold,Front-line multimedia circuit
321,Elora,Antoshin,eantoshin8w@alexa.com,Female,silver,Grass-roots solution-oriented analyzer
322,Heall,Jeffrey,hjeffrey8x@booking.com,Male,silver,Virtual user-facing algorithm
323,Ellis,Rashleigh,erashleigh8y@cyberchimps.com,Male,gold,Integrated homogeneous matrices
324,Marris,Erlam,merlam8z@blogs.com,Female,platinum,Sharable motivating alliance
325,Elyn,Itzhak,eitzhak90@who.int,Female,bronze,Configurable homogeneous pricing structure
326,Ulla,Libbis,ulibbis91@craigslist.org,Female,gold,Organized maximized process improvement
327,Vickie,Grimley,vgrimley92@xrea.com,Female,silver,Advanced 3rd generation methodology
328,Charis,Dober,cdober93@oakley.com,Female,gold,Synergized multimedia flexibility
329,Michelle,Cotesford,mcotesford94@google.ca,Female,silver,Versatile scalable leverage
330,Georgina,Fearby,gfearby95@issuu.com,Female,platinum,Fully-configurable global concept
331,Fonsie,Hartzenberg,fhartzenberg96@symantec.com,Male,platinum,Team-oriented analyzing data-warehouse
332,Andrus,Chick,achick97@samsung.com,Male,bronze,Reduced discrete knowledge user
333,Jerald,Mitford,jmitford98@nyu.edu,Male,platinum,Programmable heuristic initiative
334,Renaud,Lorimer,rlorimer99@t-online.de,Male,gold,Total bi-directional support
335,Torrin,Tumilson,ttumilson9a@about.com,Male,silver,Reduced object-oriented standardization
336,Coriss,Gaynesford,cgaynesford9b@mail.ru,Female,silver,Versatile analyzing matrices
337,Ginnifer,Ragborne,gragborne9c@sohu.com,Female,gold,Front-line exuding policy
338,Reiko,Ramelot,rramelot9d@is.gd,Female,bronze,Enhanced radical paradigm
339,Tonnie,Frudd,tfrudd9e@a8.net,Male,silver,Operative explicit Graphic Interface
340,Lonnie,Barham,lbarham9f@over-blog.com,Male,gold,Quality-focused optimizing projection
341,Claresta,Witnall,cwitnall9g@zimbio.com,Female,bronze,Fundamental systematic function
342,Bethena,Kennett,bkennett9h@tumblr.com,Female,silver,Multi-layered eco-centric synergy
343,Orin,Cristofvao,ocristofvao9i@altervista.org,Male,silver,Future-proofed modular hierarchy
344,Yardley,Holleworth,yholleworth9j@hud.gov,Male,platinum,Face to face 24/7 access
345,Godfree,Gutridge,ggutridge9k@deviantart.com,Male,bronze,Open-source human-resource orchestration
346,Helli,Bullman,hbullman9l@tmall.com,Female,gold,Exclusive radical internet solution
347,Davon,Boseley,dboseley9m@addthis.com,Male,gold,Multi-channelled needs-based capacity
348,Weidar,Borsnall,wborsnall9n@house.gov,Male,gold,Secured actuating neural-net
349,Ryun,Gawke,rgawke9o@latimes.com,Male,bronze,User-centric multimedia middleware
350,Johnnie,Pointer,jpointer9p@disqus.com,Male,platinum,Pre-emptive high-level toolset
351,Baily,Byram,bbyram9q@seattletimes.com,Male,silver,Persevering systemic moderator
352,Far,Cunningham,fcunningham9r@amazon.co.uk,Male,platinum,Enhanced static matrix
353,Glenna,Joyner,gjoyner9s@biglobe.ne.jp,Female,bronze,User-friendly well-modulated functionalities
354,Karin,Pauleau,kpauleau9t@google.com,Female,platinum,Diverse asynchronous artificial intelligence
355,Forster,McCoish,fmccoish9u@diigo.com,Male,bronze,Self-enabling motivating circuit
356,Nan,Draisey,ndraisey9v@redcross.org,Female,gold,Grass-roots client-driven attitude
357,Archibold,Danielian,adanielian9w@nba.com,Male,gold,Managed discrete firmware
358,Ellery,McGurk,emcgurk9x@people.com.cn,Male,platinum,Phased secondary array
359,Gallard,Thame,gthame9y@blogspot.com,Male,silver,Function-based intermediate customer loyalty
360,Bern,Tedstone,btedstone9z@dmoz.org,Male,gold,Focused executive application
361,Chrissy,Beacroft,cbeacrofta0@webnode.com,Female,platinum,Distributed secondary matrices
362,Aeriel,Mildner,amildnera1@youku.com,Female,silver,De-engineered disintermediate moratorium
363,Dill,Issatt,dissatta2@zdnet.com,Male,platinum,Programmable user-facing product
364,Cammy,Duggon,cduggona3@wunderground.com,Male,platinum,Right-sized asymmetric middleware
365,Red,Raynard,rraynarda4@usgs.gov,Male,platinum,Open-source tertiary protocol
366,Scarlet,Spilisy,sspilisya5@scientificamerican.com,Female,gold,Advanced coherent analyzer
367,Michel,Nunes Nabarro,mnunesnabarroa6@lulu.com,Female,platinum,Open-architected asymmetric archive
368,Parsifal,Croyser,pcroysera7@washingtonpost.com,Male,platinum,Object-based local neural-net
369,Gerome,Weddeburn - Scrimgeour,gweddeburnscrimgeoura8@wordpress.org,Male,silver,Object-based multi-state structure
370,Beverley,Maron,bmarona9@reference.com,Female,platinum,Monitored optimizing artificial intelligence
371,Bendite,Andreoletti,bandreolettiaa@cam.ac.uk,Female,platinum,Ergonomic executive alliance
372,Lanae,Reddlesden,lreddlesdenab@usatoday.com,Female,silver,Synergistic attitude-oriented attitude
373,Adelaide,Crannach,acrannachac@phoca.cz,Female,bronze,Decentralized dedicated artificial intelligence
374,Erl,Managh,emanaghad@clickbank.net,Male,silver,Multi-lateral impactful flexibility
375,Ulrikaumeko,McCreadie,umccreadieae@instagram.com,Female,silver,Face to face 3rd generation hierarchy
376,Merci,Westrey,mwestreyaf@wordpress.org,Female,gold,Virtual fault-tolerant capacity
377,Maud,McAllester,mmcallesterag@omniture.com,Female,bronze,Operative homogeneous matrix
378,Armin,Lenaghen,alenaghenah@blogspot.com,Male,platinum,Future-proofed heuristic extranet
379,Cassie,Olliffe,colliffeai@weather.com,Male,platinum,Operative upward-trending matrix
380,Sydelle,Kyberd,skyberdaj@craigslist.org,Female,platinum,Implemented national migration
381,Thornie,Worwood,tworwoodak@yahoo.com,Male,platinum,Visionary leading edge info-mediaries
382,Daffy,Pellamont,dpellamontal@php.net,Female,platinum,Up-sized cohesive focus group
383,Emlen,Scarre,escarream@google.com.hk,Male,silver,Progressive neutral customer loyalty
384,Trix,Brearty,tbreartyan@wunderground.com,Female,bronze,Grass-roots logistical secured line
385,Cassius,Joynes,cjoynesao@networksolutions.com,Male,gold,Compatible 4th generation approach
386,Donny,Wiggans,dwiggansap@hubpages.com,Female,gold,Decentralized attitude-oriented hardware
387,Tulley,Frampton,tframptonaq@elegantthemes.com,Male,silver,Self-enabling modular secured line
388,Sloan,Torrese,storresear@vk.com,Male,bronze,User-friendly directional infrastructure
389,Ravi,Megarry,rmegarryas@ning.com,Male,silver,Decentralized multimedia parallelism
390,Tanya,Blanko,tblankoat@fema.gov,Female,bronze,User-centric fresh-thinking database
391,Mari,Iohananof,miohananofau@arizona.edu,Female,silver,Enhanced global leverage
392,Darline,Bridger,dbridgerav@noaa.gov,Female,silver,Stand-alone demand-driven task-force
393,Sidney,Kail,skailaw@icio.us,Male,silver,Operative fresh-thinking capacity
394,Allistir,Farrance,afarranceax@paginegialle.it,Male,gold,Seamless bifurcated internet solution
395,Nathalie,Klagge,nklaggeay@ucoz.com,Female,silver,Networked well-modulated toolset
396,Jenine,Vasyuchov,jvasyuchovaz@time.com,Female,silver,Centralized demand-driven monitoring
397,Gunter,Isakson,gisaksonb0@bloglovin.com,Male,silver,Distributed systematic encoding
398,Arel,Gasperi,agasperib1@liveinternet.ru,Male,gold,Configurable system-worthy local area network
399,Perry,Easseby,peassebyb2@yolasite.com,Female,silver,Implemented motivating project
400,Ludovico,Martins,lmartinsb3@boston.com,Male,platinum,Reactive secondary artificial intelligence
401,Emelyne,Agius,eagiusb4@paypal.com,Female,silver,Programmable value-added hub
402,Carlen,Peterkin,cpeterkinb5@prlog.org,Female,platinum,Business-focused cohesive matrices
403,Nicky,Henniger,nhennigerb6@mapy.cz,Male,silver,Extended full-range migration
404,Peter,Kitman,pkitmanb7@drupal.org,Male,bronze,Persistent bifurcated collaboration
405,Caria,Dalgliesh,cdalglieshb8@webs.com,Female,gold,Advanced attitude-oriented solution
406,Faith,Grigore,fgrigoreb9@github.com,Female,gold,Organic didactic neural-net
407,Terrence,Tackell,ttackellba@squarespace.com,Male,gold,Adaptive impactful support
408,Aggy,Rosenkranc,arosenkrancbb@indiatimes.com,Female,bronze,Re-contextualized solution-oriented frame
409,Kyla,Peres,kperesbc@altervista.org,Female,bronze,Expanded tertiary collaboration
410,Geri,Larraway,glarrawaybd@hao123.com,Male,bronze,Open-source encompassing encoding
411,Andreas,Forcade,aforcadebe@buzzfeed.com,Male,silver,Customer-focused solution-oriented solution
412,Gwen,Vittet,gvittetbf@digg.com,Female,gold,Inverse real-time knowledge base
413,Mar,Walkley,mwalkleybg@google.com.br,Male,bronze,Horizontal dedicated success
414,Melitta,Backman,mbackmanbh@umn.edu,Female,platinum,Right-sized intangible matrices
415,Ruby,Tidmas,rtidmasbi@google.it,Female,bronze,Pre-emptive 24 hour secured line
416,Concettina,Christoffersen,cchristoffersenbj@buzzfeed.com,Female,silver,Proactive analyzing knowledge user
417,Michale,Lumbly,mlumblybk@reddit.com,Male,bronze,Centralized methodical conglomeration
418,Caesar,Sympson,csympsonbl@reuters.com,Male,silver,Multi-channelled bi-directional project
419,Cody,Foulks,cfoulksbm@ted.com,Female,gold,Universal client-driven open architecture
420,Allard,Penticost,apenticostbn@walmart.com,Male,gold,Re-engineered high-level algorithm
421,Nicola,Mann,nmannbo@disqus.com,Female,gold,Profit-focused multimedia portal
422,Jay,Fomichkin,jfomichkinbp@forbes.com,Male,silver,Multi-layered motivating architecture
423,Caprice,Gallyhaock,cgallyhaockbq@paypal.com,Female,platinum,Implemented client-server utilisation
424,Giacomo,Wapplington,gwapplingtonbr@utexas.edu,Male,silver,Networked zero tolerance focus group
425,Mohandas,Rowlinson,mrowlinsonbs@redcross.org,Male,bronze,Vision-oriented fault-tolerant challenge
426,Porty,Coupland,pcouplandbt@gravatar.com,Male,platinum,Secured bi-directional website
427,Marita,Doge,mdogebu@yolasite.com,Female,gold,Public-key interactive customer loyalty
428,Vidovik,Adan,vadanbv@samsung.com,Male,silver,Triple-buffered context-sensitive frame
429,Field,Basil,fbasilbw@msu.edu,Male,gold,Distributed even-keeled structure
430,Mile,Rozier,mrozierbx@hugedomains.com,Male,gold,Realigned radical knowledge user
431,Ravi,Brailey,rbraileyby@nsw.gov.au,Male,bronze,User-friendly dedicated concept
432,Sven,Brydone,sbrydonebz@ucla.edu,Male,bronze,Robust directional project
433,Gayle,Durrant,gdurrantc0@wikia.com,Female,bronze,Robust intangible artificial intelligence
434,Jermayne,Kineton,jkinetonc1@mysql.com,Male,silver,Cross-group 4th generation model
435,Berti,Gohier,bgohierc2@merriam-webster.com,Female,silver,Quality-focused explicit project
436,Rube,Aizikovich,raizikovichc3@businessweek.com,Male,platinum,User-friendly demand-driven customer loyalty
437,Kaile,Raynes,kraynesc4@shareasale.com,Female,platinum,Customizable human-resource benchmark
438,Forrest,Robertazzi,frobertazzic5@icq.com,Male,platinum,Object-based impactful structure
439,Lock,Klagges,lklaggesc6@discovery.com,Male,platinum,Multi-lateral web-enabled algorithm
440,Russ,Hulk,rhulkc7@technorati.com,Male,platinum,Cross-group explicit ability
441,Darnell,Leopold,dleopoldc8@wisc.edu,Male,platinum,Customizable logistical knowledge base
442,Jacobo,Clifforth,jclifforthc9@mediafire.com,Male,gold,Exclusive disintermediate function
443,Davita,Pulley,dpulleyca@reuters.com,Female,silver,Networked discrete extranet
444,Ellerey,Stirzaker,estirzakercb@i2i.jp,Male,silver,Balanced systematic success
445,Drud,MacTrustey,dmactrusteycc@wikipedia.org,Male,platinum,Stand-alone 24 hour moderator
446,Annette,Vogt,avogtcd@tripadvisor.com,Female,silver,Multi-layered static flexibility
447,Marcellus,Drydale,mdrydalece@nifty.com,Male,platinum,User-centric hybrid interface
448,Marcelle,Breinl,mbreinlcf@vk.com,Female,bronze,Distributed solution-oriented capability
449,Alys,Brideau,abrideaucg@paypal.com,Female,silver,Advanced fault-tolerant matrices
450,Moishe,Mathers,mmathersch@springer.com,Male,gold,Cross-platform disintermediate artificial intelligence
451,Cleveland,Winsom,cwinsomci@zdnet.com,Male,gold,Operative 4th generation analyzer
452,Sterne,Manie,smaniecj@tmall.com,Male,silver,Digitized contextually-based initiative
453,Gerik,McGettigan,gmcgettiganck@indiegogo.com,Male,silver,Managed composite data-warehouse
454,Borg,Sarfatti,bsarfatticl@rediff.com,Male,bronze,Optimized didactic leverage
455,Ashlie,Verbeke,averbekecm@xing.com,Female,gold,Focused foreground collaboration
456,Ursuline,Drewes,udrewescn@digg.com,Female,silver,Universal 3rd generation installation
457,Katie,McAlroy,kmcalroyco@intel.com,Female,platinum,Front-line directional support
458,Jerrylee,Dorracott,jdorracottcp@ustream.tv,Female,platinum,Virtual high-level hardware
459,Manfred,Rickman,mrickmancq@cafepress.com,Male,silver,Business-focused bifurcated hardware
460,Farra,Moakes,fmoakescr@ted.com,Female,bronze,Networked multi-state groupware
461,Abra,Courson,acoursoncs@economist.com,Female,gold,Synchronised discrete array
462,Lonee,Rule,lrulect@jugem.jp,Female,silver,Integrated radical hub
463,Magnum,Zannelli,mzannellicu@shinystat.com,Male,silver,Grass-roots local throughput
464,Rafaela,De Ferraris,rdeferrariscv@bbc.co.uk,Female,gold,Ameliorated 4th generation infrastructure
465,Selina,Castellani,scastellanicw@auda.org.au,Female,bronze,Seamless leading edge hub
466,Galven,Webling,gweblingcx@hexun.com,Male,gold,Multi-layered tangible adapter
467,Bunny,Tollmache,btollmachecy@pen.io,Female,silver,Profit-focused fault-tolerant definition
468,Graig,Selbach,gselbachcz@time.com,Male,bronze,Reverse-engineered human-resource policy
469,Winnie,Lowfill,wlowfilld0@smh.com.au,Female,bronze,Stand-alone homogeneous support
470,Ezequiel,Banyard,ebanyardd1@infoseek.co.jp,Male,bronze,Extended multimedia monitoring
471,Mortie,Mottershaw,mmottershawd2@1688.com,Male,platinum,Persevering asynchronous customer loyalty
472,Larry,Sudron,lsudrond3@ucoz.ru,Male,bronze,User-friendly optimizing moratorium
473,Kipp,Windley,kwindleyd4@infoseek.co.jp,Female,bronze,User-friendly asynchronous leverage
474,Lewiss,Garrat,lgarratd5@europa.eu,Male,silver,Realigned radical hub
475,Christina,Keavy,ckeavyd6@fc2.com,Female,silver,Future-proofed hybrid info-mediaries
476,Orbadiah,Shillum,oshillumd7@miitbeian.gov.cn,Male,gold,User-friendly homogeneous Graphic Interface
477,Amabelle,Medlin,amedlind8@phpbb.com,Female,gold,Future-proofed leading edge pricing structure
478,Gothart,MacConnulty,gmacconnultyd9@amazon.co.uk,Male,platinum,Grass-roots multi-state open system
479,Sam,Gull,sgullda@europa.eu,Male,bronze,Mandatory systematic open system
480,Bourke,Cahen,bcahendb@etsy.com,Male,silver,Proactive local budgetary management
481,Marjory,Dreini,mdreinidc@flickr.com,Female,gold,Switchable even-keeled artificial intelligence
482,Beverley,Triplett,btriplettdd@dyndns.org,Female,bronze,Profit-focused full-range benchmark
483,Olympe,Ing,oingde@tinyurl.com,Female,bronze,Sharable asynchronous migration
484,Sigismond,Smeed,ssmeeddf@netvibes.com,Male,bronze,Sharable next generation functionalities
485,Huey,Ketteringham,hketteringhamdg@pcworld.com,Male,platinum,Cloned composite time-frame
486,Valry,Manktelow,vmanktelowdh@washington.edu,Female,bronze,Implemented well-modulated ability
487,Amy,Jewiss,ajewissdi@123-reg.co.uk,Female,gold,Total user-facing success
488,Sigismund,Grimsdike,sgrimsdikedj@goodreads.com,Male,platinum,Balanced impactful encoding
489,Helenelizabeth,Corradini,hcorradinidk@mlb.com,Female,silver,Phased regional leverage
490,Gavra,Piffe,gpiffedl@mozilla.org,Female,platinum,Progressive tangible internet solution
491,Homere,Churchman,hchurchmandm@reddit.com,Male,bronze,Progressive bottom-line customer loyalty
492,Rabbi,Bleakley,rbleakleydn@nymag.com,Male,silver,Fundamental object-oriented installation
493,Andre,Smeeton,asmeetondo@ed.gov,Male,silver,Exclusive directional synergy
494,Onofredo,Bowlesworth,obowlesworthdp@theglobeandmail.com,Male,platinum,Intuitive reciprocal moderator
495,Anna-diana,Burborough,aburboroughdq@stanford.edu,Female,platinum,Stand-alone logistical budgetary management
496,Simona,Yurinov,syurinovdr@time.com,Female,silver,Object-based object-oriented open architecture
497,Vivyanne,Leighfield,vleighfieldds@engadget.com,Female,bronze,Function-based client-driven adapter
498,Candide,St. Pierre,cstpierredt@mtv.com,Female,gold,Function-based responsive policy
499,Rorke,Arkle,rarkledu@ask.com,Male,platinum,Adaptive mobile core
500,Evie,Shackelton,eshackeltondv@google.nl,Female,bronze,Stand-alone transitional benchmark
501,Carolee,Aviss,cavissdw@ovh.net,Female,bronze,Phased coherent circuit
502,Melisande,Guilliland,mguillilanddx@wiley.com,Female,silver,Configurable systematic help-desk
503,Ofilia,Pawsey,opawseydy@slideshare.net,Female,bronze,Cross-platform transitional methodology
504,Sawyer,Mott,smottdz@amazon.co.jp,Male,bronze,Reverse-engineered demand-driven hub
505,Deana,MacGillicuddy,dmacgillicuddye0@dropbox.com,Female,gold,Stand-alone heuristic archive
506,Sile,Backes,sbackese1@goo.gl,Female,gold,Adaptive transitional intranet
507,Julienne,Utley,jutleye2@google.com.br,Female,silver,Devolved leading edge extranet
508,Jerrome,Stockall,jstockalle3@elegantthemes.com,Male,platinum,Enterprise-wide 24/7 matrices
509,Ryon,Beldan,rbeldane4@dion.ne.jp,Male,silver,Universal even-keeled hierarchy
510,Carmella,Wormstone,cwormstonee5@woothemes.com,Female,silver,Visionary cohesive core
511,Neale,Maden,nmadene6@miitbeian.gov.cn,Male,platinum,Advanced multi-tasking Graphic Interface
512,Ardyce,Paolacci,apaolaccie7@shutterfly.com,Female,gold,Centralized value-added budgetary management
513,Buddie,McKeag,bmckeage8@army.mil,Male,silver,Devolved contextually-based capacity
514,Dayle,Levet,dlevete9@ning.com,Female,platinum,Face to face optimizing time-frame
515,Annamaria,Haggart,ahaggartea@phpbb.com,Female,silver,Right-sized explicit support
516,Dalis,Stiggers,dstiggerseb@is.gd,Male,platinum,Organic zero tolerance open architecture
517,Meaghan,Fawlks,mfawlksec@nationalgeographic.com,Female,platinum,Programmable radical project
518,Ilaire,McGaughey,imcgaugheyed@linkedin.com,Male,bronze,Down-sized mission-critical process improvement
519,Nobe,Sedman,nsedmanee@salon.com,Male,gold,Streamlined stable installation
520,Alfi,Tombleson,atomblesonef@instagram.com,Female,silver,Mandatory motivating productivity
521,Matty,Coppock.,mcoppockeg@bandcamp.com,Male,platinum,Distributed scalable Graphical User Interface
522,Bradan,Simek,bsimekeh@angelfire.com,Male,platinum,Grass-roots optimal matrices
523,Lucia,Eronie,leronieei@usgs.gov,Female,gold,Centralized fresh-thinking middleware
524,Davy,Frith,dfrithej@google.com,Male,bronze,Innovative motivating neural-net
525,Karlan,Yarmouth,kyarmouthek@infoseek.co.jp,Male,bronze,Ameliorated asymmetric time-frame
526,Cyrus,Aupol,caupolel@virginia.edu,Male,bronze,Fully-configurable holistic task-force
527,Arly,Brumby,abrumbyem@cbc.ca,Female,platinum,Diverse 5th generation knowledge user
528,Bruno,Moat,bmoaten@nifty.com,Male,gold,Switchable content-based task-force
529,Lillian,Manie,lmanieeo@dedecms.com,Female,platinum,Seamless logistical Graphic Interface
530,Rolfe,Gors,rgorsep@a8.net,Male,gold,Profit-focused cohesive moratorium
531,Ruddie,Froom,rfroomeq@a8.net,Male,silver,Cloned value-added structure
532,Cletus,McCrie,cmccrieer@github.io,Male,gold,Pre-emptive high-level hardware
533,Kennedy,Tomes,ktomeses@businessinsider.com,Male,silver,Integrated didactic knowledge base
534,Patty,Pedrocchi,ppedrocchiet@360.cn,Male,silver,Ergonomic multi-state middleware
535,Welby,Cuming,wcumingeu@cargocollective.com,Male,bronze,Persistent zero administration moderator
536,Nariko,Pantry,npantryev@sciencedaily.com,Female,silver,Face to face global interface
537,Ethyl,Minget,emingetew@bizjournals.com,Female,platinum,Extended fault-tolerant customer loyalty
538,Bard,Yashnov,byashnovex@goo.gl,Male,platinum,Devolved stable open architecture
539,Avigdor,Whiskerd,awhiskerdey@gmpg.org,Male,silver,Multi-channelled grid-enabled firmware
540,Marcelle,Tutsell,mtutsellez@eventbrite.com,Female,bronze,Down-sized leading edge help-desk
541,Alley,Meric,americf0@xrea.com,Male,bronze,Open-architected modular paradigm
542,Vaughan,Iannuzzelli,viannuzzellif1@fda.gov,Male,platinum,Compatible leading edge productivity
543,Thom,Rackley,trackleyf2@naver.com,Male,silver,Virtual client-server superstructure
544,Audrye,Kedwell,akedwellf3@omniture.com,Female,platinum,Grass-roots heuristic support
545,Dacy,Attewell,dattewellf4@reference.com,Female,platinum,Total zero tolerance attitude
546,Franklin,Bediss,fbedissf5@e-recht24.de,Male,silver,Sharable executive strategy
547,Dotti,Lowe,dlowef6@amazon.com,Female,silver,Secured bandwidth-monitored concept
548,Dew,Shireff,dshirefff7@bloomberg.com,Male,silver,Function-based actuating contingency
549,Marnia,Canape,mcanapef8@lycos.com,Female,silver,Monitored demand-driven software
550,Paten,Wynn,pwynnf9@mapquest.com,Male,gold,Quality-focused foreground portal
551,Sutton,Guerrin,sguerrinfa@gmpg.org,Male,platinum,Cloned bottom-line leverage
552,Dahlia,Kharchinski,dkharchinskifb@si.edu,Female,bronze,Down-sized responsive system engine
553,Harrie,Strelitz,hstrelitzfc@google.pl,Female,silver,Right-sized zero tolerance array
554,Martica,Pritty,mprittyfd@imdb.com,Female,silver,Vision-oriented 4th generation algorithm
555,Tandie,Leech,tleechfe@bloglines.com,Female,gold,Profit-focused stable support
556,Pernell,Hukins,phukinsff@slideshare.net,Male,bronze,Monitored encompassing Graphic Interface
557,Etan,Ondrus,eondrusfg@domainmarket.com,Male,bronze,Profit-focused global synergy
558,Christopher,Pallister,cpallisterfh@twitpic.com,Male,gold,De-engineered composite structure
559,Cesya,Glavias,cglaviasfi@odnoklassniki.ru,Female,silver,Managed web-enabled standardization
560,Giorgio,Izakovitz,gizakovitzfj@usgs.gov,Male,gold,Vision-oriented value-added encoding
561,Kahaleel,Wittke,kwittkefk@mit.edu,Male,gold,Progressive dynamic function
562,Smitty,Chevins,schevinsfl@home.pl,Male,platinum,Enhanced radical standardization
563,Aleksandr,Maureen,amaureenfm@ebay.com,Male,gold,Ameliorated real-time help-desk
564,Gunilla,O'Scollain,goscollainfn@oracle.com,Female,gold,Focused context-sensitive migration
565,Kendell,Stebbings,kstebbingsfo@a8.net,Male,gold,Fundamental multi-tasking instruction set
566,Domenic,Symon,dsymonfp@ted.com,Male,silver,Function-based full-range open system
567,Cecilius,Gorrissen,cgorrissenfq@smh.com.au,Male,bronze,Persistent object-oriented project
568,Rosamund,Merrigan,rmerriganfr@howstuffworks.com,Female,silver,Inverse demand-driven policy
569,Dasi,Riddel,driddelfs@simplemachines.org,Female,bronze,Re-contextualized foreground budgetary management
570,Brook,Flawn,bflawnft@theguardian.com,Male,platinum,Progressive executive protocol
571,Jimmie,Hawes,jhawesfu@csmonitor.com,Male,platinum,De-engineered modular emulation
572,Falkner,Murrock,fmurrockfv@lulu.com,Male,silver,Re-engineered empowering function
573,Nikoletta,Pinxton,npinxtonfw@bigcartel.com,Female,silver,Synergistic content-based installation
574,Jefferey,New,jnewfx@goodreads.com,Male,silver,Managed responsive productivity
575,Heriberto,Andreix,handreixfy@jiathis.com,Male,platinum,Pre-emptive background middleware
576,Consolata,Nealy,cnealyfz@infoseek.co.jp,Female,platinum,Open-architected object-oriented firmware
577,Dermot,Warburton,dwarburtong0@t.co,Male,gold,Horizontal maximized hardware
578,Wendell,Bastide,wbastideg1@hud.gov,Male,gold,Face to face discrete synergy
579,Blithe,Simmonett,bsimmonettg2@pagesperso-orange.fr,Female,platinum,Business-focused modular neural-net
580,Katleen,Trevain,ktrevaing3@senate.gov,Female,gold,Pre-emptive modular task-force
581,Adrianne,Zealey,azealeyg4@archive.org,Female,platinum,Operative intangible flexibility
582,Darci,Keymar,dkeymarg5@sourceforge.net,Female,platinum,Phased system-worthy open system
583,Joana,Pargiter,jpargiterg6@umn.edu,Female,silver,Distributed analyzing utilisation
584,Tulley,Bursell,tbursellg7@uiuc.edu,Male,silver,Persevering dynamic contingency
585,Ring,Skahill,rskahillg8@tiny.cc,Male,bronze,Robust leading edge moratorium
586,Devlen,Ledes,dledesg9@twitpic.com,Male,platinum,Self-enabling even-keeled array
587,Correy,O'Fogarty,cofogartyga@google.ca,Male,platinum,Visionary scalable data-warehouse
588,Nicole,Martinuzzi,nmartinuzzigb@whitehouse.gov,Female,platinum,Switchable interactive secured line
589,Ludvig,Oxburgh,loxburghgc@fc2.com,Male,gold,Stand-alone composite orchestration
590,Lynnet,Winks,lwinksgd@tumblr.com,Female,platinum,Innovative composite architecture
591,Harmonia,Filippo,hfilippoge@gmpg.org,Female,silver,Reverse-engineered uniform framework
592,Lani,Voules,lvoulesgf@about.me,Female,platinum,User-friendly needs-based middleware
593,Violante,Laughton,vlaughtongg@de.vu,Female,silver,Implemented asynchronous application
594,Guntar,Oakes,goakesgh@mail.ru,Male,bronze,Synergistic transitional portal
595,Raye,Storah,rstorahgi@g.co,Female,bronze,Focused background alliance
596,Martainn,Pidduck,mpidduckgj@foxnews.com,Male,gold,Diverse disintermediate core
597,Donaugh,Sollett,dsollettgk@hugedomains.com,Male,bronze,Upgradable demand-driven project
598,Janet,Tidman,jtidmangl@cpanel.net,Female,bronze,Realigned fresh-thinking product
599,David,Kinnier,dkinniergm@gov.uk,Male,silver,Public-key reciprocal concept
600,Rogers,Pepis,rpepisgn@dot.gov,Male,gold,Multi-channelled non-volatile matrix
601,Erick,Spickett,espickettgo@smh.com.au,Male,bronze,Programmable bi-directional Graphical User Interface
602,Maury,Vlach,mvlachgp@ameblo.jp,Male,silver,Innovative user-facing synergy
603,Sara-ann,Duddle,sduddlegq@thetimes.co.uk,Female,silver,Operative value-added intranet
604,Halley,Patershall,hpatershallgr@skype.com,Female,gold,Focused clear-thinking adapter
605,Beaufort,Lohde,blohdegs@netscape.com,Male,bronze,Up-sized systematic parallelism
606,Eziechiele,Syson,esysongt@sbwire.com,Male,platinum,Right-sized holistic model
607,Melony,Leeder,mleedergu@buzzfeed.com,Female,platinum,Total impactful adapter
608,Maximilien,Scritch,mscritchgv@unicef.org,Male,gold,Up-sized 5th generation conglomeration
609,Mimi,Lafflin,mlafflingw@vinaora.com,Female,platinum,Mandatory hybrid archive
610,Way,Emberton,wembertongx@constantcontact.com,Male,platinum,Persistent client-server encoding
611,Claudine,Redfern,credferngy@chron.com,Female,silver,Monitored methodical hierarchy
612,Ashton,Moscrop,amoscropgz@admin.ch,Male,platinum,Grass-roots multimedia secured line
613,Alex,Thomtson,athomtsonh0@illinois.edu,Male,bronze,Distributed 4th generation definition
614,Alvy,Milne,amilneh1@godaddy.com,Male,silver,Intuitive high-level adapter
615,Aleksandr,Oldaker,aoldakerh2@sciencedaily.com,Male,gold,Decentralized responsive benchmark
616,Chico,Eytel,ceytelh3@usgs.gov,Male,platinum,Exclusive dedicated alliance
617,Kiersten,Hurdiss,khurdissh4@constantcontact.com,Female,silver,Automated bottom-line leverage
618,Idalina,Linke,ilinkeh5@illinois.edu,Female,platinum,Enterprise-wide directional application
619,De witt,Giovanizio,dgiovanizioh6@freewebs.com,Male,platinum,Front-line interactive initiative
620,Braden,Maevela,bmaevelah7@istockphoto.com,Male,platinum,Digitized human-resource projection
621,Travers,Konertz,tkonertzh8@usgs.gov,Male,platinum,User-centric static interface
622,Linn,Boarder,lboarderh9@bloomberg.com,Male,silver,Distributed systemic moderator
623,Auguste,De la Yglesia,adelayglesiaha@angelfire.com,Female,bronze,Innovative exuding conglomeration
624,Kamila,Laneham,klanehamhb@clickbank.net,Female,silver,Digitized needs-based forecast
625,Guenna,Clayill,gclayillhc@bizjournals.com,Female,bronze,Synergistic static open system
626,Lezlie,Kale,lkalehd@cmu.edu,Female,gold,Open-source optimizing time-frame
627,Rollo,Drinkeld,rdrinkeldhe@berkeley.edu,Male,platinum,Ergonomic radical database
628,Feliks,Staff,fstaffhf@stanford.edu,Male,gold,Switchable system-worthy Graphic Interface
629,Alexia,Beldham,abeldhamhg@devhub.com,Female,bronze,Enterprise-wide disintermediate attitude
630,Garrik,Dutnell,gdutnellhh@upenn.edu,Male,bronze,Persevering exuding hierarchy
631,Feliks,Strodder,fstrodderhi@microsoft.com,Male,platinum,Robust incremental challenge
632,Kathleen,Edwin,kedwinhj@adobe.com,Female,platinum,Automated intermediate policy
633,Mordy,Higgan,mhigganhk@photobucket.com,Male,bronze,Upgradable stable paradigm
634,Willis,Lochet,wlochethl@sakura.ne.jp,Male,platinum,Proactive asynchronous frame
635,Cosetta,Pemble,cpemblehm@npr.org,Female,gold,Open-architected real-time strategy
636,Fred,Agett,fagetthn@examiner.com,Female,platinum,Pre-emptive 24/7 access
637,Ara,Lipman,alipmanho@mit.edu,Male,gold,Synergized exuding monitoring
638,Emmett,Harrhy,eharrhyhp@symantec.com,Male,platinum,Self-enabling transitional capability
639,Bron,Jackalin,bjackalinhq@purevolume.com,Male,silver,Multi-channelled dedicated model
640,Brannon,Newby,bnewbyhr@jalbum.net,Male,platinum,Ergonomic upward-trending application
641,Claire,Quodling,cquodlinghs@jimdo.com,Female,platinum,Multi-layered 4th generation toolset
642,Jennilee,Beathem,jbeathemht@ameblo.jp,Female,silver,Multi-lateral directional synergy
643,Shirlee,Scroxton,sscroxtonhu@tumblr.com,Female,platinum,Operative intangible secured line
644,Berthe,Eard,beardhv@pcworld.com,Female,silver,Organic content-based throughput
645,Ed,Hidderley,ehidderleyhw@imdb.com,Male,silver,Profound solution-oriented functionalities
646,Monica,Snowdon,msnowdonhx@ox.ac.uk,Female,silver,Sharable mobile complexity
647,Sileas,Perceval,spercevalhy@theguardian.com,Female,platinum,Business-focused object-oriented product
648,Carlina,Primak,cprimakhz@tripod.com,Female,bronze,De-engineered static concept
649,Windy,Matys,wmatysi0@last.fm,Female,gold,Reverse-engineered static moderator
650,Vanna,Cathesyed,vcathesyedi1@go.com,Female,silver,Managed user-facing process improvement
651,Corliss,Bartolomeotti,cbartolomeottii2@noaa.gov,Female,platinum,Fundamental optimizing pricing structure
652,Arnie,Winram,awinrami3@zimbio.com,Male,platinum,Cross-group non-volatile software
653,Allene,Sutheran,asutherani4@independent.co.uk,Female,gold,Up-sized uniform software
654,Pauli,Gladdor,pgladdori5@slideshare.net,Female,platinum,Open-source tertiary complexity
655,Dode,Strangwood,dstrangwoodi6@tripod.com,Female,platinum,Visionary multimedia workforce
656,Manda,Krzyzowski,mkrzyzowskii7@sina.com.cn,Female,platinum,Fundamental maximized ability
657,Brit,Thorns,bthornsi8@examiner.com,Female,gold,Streamlined real-time middleware
658,Bernadine,Dimsdale,bdimsdalei9@oracle.com,Female,bronze,Innovative clear-thinking ability
659,Clyve,Carlisle,ccarlisleia@ycombinator.com,Male,silver,Distributed zero defect matrix
660,Janka,Cartmer,jcartmerib@jugem.jp,Female,bronze,De-engineered impactful alliance
661,Bethanne,Stambridge,bstambridgeic@naver.com,Female,gold,Team-oriented exuding moderator
662,Charmion,Glowacha,cglowachaid@mozilla.com,Female,bronze,Organized tertiary architecture
663,Doralia,Rockall,drockallie@bravesites.com,Female,gold,Implemented maximized forecast
664,Kip,Keller,kkellerif@chicagotribune.com,Male,gold,Organic explicit utilisation
665,Tami,Van de Velde,tvandeveldeig@irs.gov,Female,gold,Decentralized logistical functionalities
666,Ogden,Foulstone,ofoulstoneih@flickr.com,Male,platinum,Inverse disintermediate architecture
667,Kirstyn,Dixcee,kdixceeii@sun.com,Female,bronze,Multi-channelled global definition
668,Helen-elizabeth,Mateus,hmateusij@istockphoto.com,Female,bronze,Team-oriented dynamic forecast
669,Tim,Rapi,trapiik@photobucket.com,Male,gold,Robust demand-driven system engine
670,Cortie,Dacres,cdacresil@usa.gov,Male,silver,Switchable heuristic matrices
671,Eugenius,Syrad,esyradim@blogtalkradio.com,Male,gold,Universal intangible archive
672,Truman,Aumerle,taumerlein@nifty.com,Male,silver,Configurable multi-tasking database
673,Candie,Lethbrig,clethbrigio@telegraph.co.uk,Female,bronze,Grass-roots neutral groupware
674,Blinnie,Carrington,bcarringtonip@craigslist.org,Female,platinum,Quality-focused scalable intranet
675,Stanleigh,Molden,smoldeniq@wunderground.com,Male,silver,Assimilated even-keeled frame
676,Corrine,Verduin,cverduinir@chron.com,Female,bronze,Fully-configurable non-volatile frame
677,Lois,Zottoli,lzottoliis@mapquest.com,Female,gold,Programmable demand-driven function
678,Itch,Yarnall,iyarnallit@economist.com,Male,gold,Down-sized well-modulated hub
679,Rosalynd,Gentery,rgenteryiu@about.com,Female,silver,Balanced next generation matrix
680,Dur,Durrant,ddurrantiv@sciencedirect.com,Male,silver,De-engineered dedicated analyzer
681,Chanda,Jales,cjalesiw@scribd.com,Female,silver,Future-proofed bottom-line algorithm
682,Jarib,Catcheside,jcatchesideix@walmart.com,Male,gold,User-friendly national groupware
683,Elsinore,Treske,etreskeiy@digg.com,Female,platinum,Customer-focused system-worthy Graphical User Interface
684,Alfreda,Bordes,abordesiz@uol.com.br,Female,bronze,Open-source composite methodology
685,Franzen,Delgadillo,fdelgadilloj0@edublogs.org,Male,gold,Digitized dedicated internet solution
686,Melessa,Treske,mtreskej1@theglobeandmail.com,Female,gold,Grass-roots local intranet
687,Zandra,Rymmer,zrymmerj2@ftc.gov,Female,platinum,Public-key optimal alliance
688,Sutherland,Iley,sileyj3@ft.com,Male,silver,Proactive solution-oriented functionalities
689,Garrott,McLeese,gmcleesej4@google.com.br,Male,platinum,Exclusive dedicated ability
690,Georgetta,Pelerin,gpelerinj5@yolasite.com,Female,bronze,Cloned logistical framework
691,Allissa,Barajaz,abarajazj6@reddit.com,Female,silver,Persevering bandwidth-monitored flexibility
692,Gerry,Coneley,gconeleyj7@redcross.org,Female,gold,Right-sized contextually-based benchmark
693,Forester,Dodgshon,fdodgshonj8@phpbb.com,Male,silver,Expanded zero tolerance project
694,Elissa,Arsey,earseyj9@51.la,Female,silver,Visionary coherent solution
695,Renaud,Cornejo,rcornejoja@shinystat.com,Male,gold,Right-sized value-added firmware
696,Sophey,Geillier,sgeillierjb@edublogs.org,Female,silver,Profit-focused fresh-thinking synergy
697,Janna,Scopes,jscopesjc@storify.com,Female,platinum,Multi-lateral fault-tolerant info-mediaries
698,Aviva,Rosebotham,arosebothamjd@usda.gov,Female,silver,Enhanced static initiative
699,Elinore,Skurm,eskurmje@biblegateway.com,Female,silver,Cross-group zero tolerance groupware
700,Dominic,Ingyon,dingyonjf@discuz.net,Male,platinum,Seamless directional Graphical User Interface
701,Cindelyn,Anstis,canstisjg@nih.gov,Female,bronze,Customizable non-volatile alliance
702,Frants,Minkin,fminkinjh@dailymotion.com,Male,bronze,Total zero defect hardware
703,Calley,Vasyagin,cvasyaginji@howstuffworks.com,Female,platinum,Vision-oriented responsive software
704,Renard,Rendbaek,rrendbaekjj@sogou.com,Male,bronze,Customizable actuating strategy
705,Mikkel,Blowers,mblowersjk@tuttocitta.it,Male,gold,Enhanced asymmetric function
706,Norris,Pogson,npogsonjl@ow.ly,Male,gold,Implemented fresh-thinking open system
707,Corabella,Pariss,cparissjm@ask.com,Female,silver,Enterprise-wide web-enabled capacity
708,Leonard,Sizeland,lsizelandjn@si.edu,Male,gold,Innovative coherent utilisation
709,Laurella,Shanahan,lshanahanjo@icio.us,Female,platinum,Enterprise-wide tangible strategy
710,Anne-corinne,Purviss,apurvissjp@apple.com,Female,gold,Assimilated bandwidth-monitored policy
711,Ariana,Lammers,alammersjq@hc360.com,Female,silver,Reactive 6th generation capability
712,Ira,Wisby,iwisbyjr@infoseek.co.jp,Male,bronze,Cloned coherent architecture
713,Anjela,Patry,apatryjs@omniture.com,Female,bronze,Multi-channelled tangible product
714,Ferris,Farnall,ffarnalljt@list-manage.com,Male,bronze,Multi-tiered intermediate Graphic Interface
715,Hector,Scapelhorn,hscapelhornju@spiegel.de,Male,platinum,Function-based value-added migration
716,Elmer,Souley,esouleyjv@kickstarter.com,Male,platinum,Seamless impactful process improvement
717,Brita,Ankrett,bankrettjw@usnews.com,Female,gold,Customer-focused 6th generation complexity
718,Pierce,Kellet,pkelletjx@about.com,Male,platinum,Optimized fault-tolerant analyzer
719,Henriette,Borles,hborlesjy@youtube.com,Female,gold,Profound eco-centric extranet
720,Marshal,Murdoch,mmurdochjz@ebay.co.uk,Male,gold,Re-engineered full-range middleware
721,Dean,De la Harpe,ddelaharpek0@cbslocal.com,Male,silver,Synergistic actuating knowledge base
722,Kylen,Mathis,kmathisk1@thetimes.co.uk,Female,gold,Seamless multi-state standardization
723,Penelopa,Symondson,psymondsonk2@miibeian.gov.cn,Female,silver,Synchronised uniform projection
724,Rip,Broadist,rbroadistk3@mashable.com,Male,silver,Open-source analyzing alliance
725,Eric,Seiler,eseilerk4@stumbleupon.com,Male,gold,Business-focused zero tolerance capability
726,Alisa,Swate,aswatek5@example.com,Female,gold,Persevering well-modulated success
727,Care,Rucklesse,crucklessek6@creativecommons.org,Male,silver,Secured multi-tasking neural-net
728,Filberto,Batrim,fbatrimk7@mozilla.org,Male,gold,Progressive motivating methodology
729,Dom,Kelsey,dkelseyk8@noaa.gov,Male,platinum,Reverse-engineered bandwidth-monitored implementation
730,Scarface,Ellwell,sellwellk9@washingtonpost.com,Male,bronze,Versatile foreground array
731,Kory,Axworthy,kaxworthyka@photobucket.com,Male,gold,Assimilated empowering portal
732,Brook,Gress,bgresskb@privacy.gov.au,Female,gold,Reduced human-resource open architecture
733,Sascha,Tivnan,stivnankc@discuz.net,Male,bronze,Profound 4th generation toolset
734,Becca,Bishop,bbishopkd@google.co.jp,Female,bronze,Progressive actuating framework
735,Costa,Guiett,cguiettke@nasa.gov,Male,silver,Inverse 24/7 artificial intelligence
736,Malina,Townes,mtowneskf@google.ru,Female,gold,Synchronised web-enabled Graphical User Interface
737,Nefen,MacGill,nmacgillkg@buzzfeed.com,Male,silver,Public-key needs-based moratorium
738,Lexi,Allery,lallerykh@blogger.com,Female,platinum,Reverse-engineered systematic implementation
739,Mickey,Kenworthey,mkenwortheyki@dot.gov,Male,platinum,Team-oriented cohesive model
740,Micheil,Gorringe,mgorringekj@bandcamp.com,Male,silver,De-engineered systematic project
741,Evonne,McElmurray,emcelmurraykk@twitter.com,Female,gold,Grass-roots optimizing moderator
742,Clayborn,Delicate,cdelicatekl@sciencedirect.com,Male,bronze,Future-proofed high-level secured line
743,Julietta,Nare,jnarekm@purevolume.com,Female,silver,Fundamental stable architecture
744,Wynny,Pinchon,wpinchonkn@miitbeian.gov.cn,Female,platinum,Polarised solution-oriented groupware
745,Kelli,Husk,khuskko@free.fr,Female,silver,Inverse explicit groupware
746,Kaylee,Moscon,kmosconkp@time.com,Female,silver,Versatile optimizing project
747,Shaylah,Masey,smaseykq@elpais.com,Female,platinum,Switchable optimal benchmark
748,Mahmoud,Laidler,mlaidlerkr@aboutads.info,Male,bronze,Up-sized executive capacity
749,Waylon,McMechan,wmcmechanks@shop-pro.jp,Male,platinum,Fully-configurable value-added definition
750,Ronny,Jeynes,rjeyneskt@zimbio.com,Female,silver,Persistent needs-based info-mediaries
751,Moore,Durrand,mdurrandku@wp.com,Male,gold,Up-sized bandwidth-monitored core
752,Fidelio,Doolan,fdoolankv@tinypic.com,Male,bronze,Inverse systematic protocol
753,Jere,Hankinson,jhankinsonkw@amazon.com,Female,gold,Reduced mission-critical frame
754,Lana,Barham,lbarhamkx@yale.edu,Female,bronze,Re-contextualized clear-thinking budgetary management
755,Sollie,Peartree,speartreeky@adobe.com,Male,silver,Networked bi-directional focus group
756,Palm,Golda,pgoldakz@blinklist.com,Male,gold,Vision-oriented dynamic matrix
757,Delly,Janacek,djanacekl0@mapy.cz,Female,silver,Distributed secondary task-force
758,Alissa,Leisk,aleiskl1@posterous.com,Female,platinum,De-engineered leading edge synergy
759,Bebe,Berry,bberryl2@mozilla.org,Female,silver,Function-based radical service-desk
760,Anders,Gotcher,agotcherl3@mediafire.com,Male,platinum,Inverse reciprocal implementation
761,Cos,Cotesford,ccotesfordl4@bloomberg.com,Male,bronze,De-engineered asynchronous protocol
762,Nancie,Jenyns,njenynsl5@privacy.gov.au,Female,bronze,Innovative secondary support
763,Olly,Kimble,okimblel6@bbb.org,Male,platinum,Open-source 5th generation toolset
764,Keenan,Gebhardt,kgebhardtl7@symantec.com,Male,gold,Exclusive full-range function
765,Beniamino,Ollerton,bollertonl8@ezinearticles.com,Male,bronze,Universal fresh-thinking encryption
766,Yvon,Skatcher,yskatcherl9@furl.net,Male,gold,Enhanced contextually-based parallelism
767,Allyn,Gherardi,agherardila@toplist.cz,Male,silver,Robust intermediate function
768,Merle,Robelet,mrobeletlb@nhs.uk,Male,silver,Face to face object-oriented internet solution
769,Glen,Henaughan,ghenaughanlc@nih.gov,Male,silver,Re-contextualized asynchronous ability
770,Rick,Hanratty,rhanrattyld@cafepress.com,Male,bronze,Total bandwidth-monitored knowledge user
771,Hettie,Dilon,hdilonle@t-online.de,Female,silver,Pre-emptive fault-tolerant secured line
772,Rochella,Benettini,rbenettinilf@csmonitor.com,Female,silver,Networked 24/7 monitoring
773,Corri,Foux,cfouxlg@odnoklassniki.ru,Female,silver,Fundamental methodical implementation
774,Hendrick,Trundell,htrundelllh@chicagotribune.com,Male,gold,Diverse discrete extranet
775,Jannel,Varnham,jvarnhamli@flavors.me,Female,bronze,User-friendly web-enabled orchestration
776,George,Snalom,gsnalomlj@icq.com,Female,bronze,Business-focused cohesive leverage
777,Luce,Hellmer,lhellmerlk@smugmug.com,Male,gold,Robust upward-trending approach
778,Franzen,Hayesman,fhayesmanll@mashable.com,Male,silver,Virtual object-oriented superstructure
779,Georas,Sweetland,gsweetlandlm@harvard.edu,Male,gold,Realigned leading edge policy
780,Hilliard,Woodfin,hwoodfinln@cdc.gov,Male,bronze,Synergistic encompassing artificial intelligence
781,Debor,Draaisma,ddraaismalo@angelfire.com,Female,platinum,Extended secondary algorithm
782,Lura,Farfull,lfarfulllp@rambler.ru,Female,bronze,Persevering intangible support
783,Ring,Treske,rtreskelq@umn.edu,Male,gold,Upgradable even-keeled open architecture
784,Stephanie,Sharpous,ssharpouslr@yahoo.co.jp,Female,bronze,Upgradable 6th generation strategy
785,Lefty,Offen,loffenls@bloglovin.com,Male,bronze,Profit-focused clear-thinking function
786,Nelia,Olivari,nolivarilt@privacy.gov.au,Female,gold,Versatile encompassing support
787,Cody,Hiner,chinerlu@earthlink.net,Female,bronze,Centralized multi-state methodology
788,Zollie,Burdon,zburdonlv@yahoo.com,Male,gold,Up-sized executive knowledge user
789,Chandra,O'Cannon,cocannonlw@desdev.cn,Female,bronze,Persevering background product
790,Annora,Dreelan,adreelanlx@prweb.com,Female,platinum,Cloned actuating access
791,Enrichetta,Citrine,ecitrinely@unblog.fr,Female,platinum,Digitized background throughput
792,Susy,Swinbourne,sswinbournelz@theguardian.com,Female,gold,Stand-alone dedicated database
793,Martica,Hebden,mhebdenm0@vk.com,Female,platinum,Centralized optimal functionalities
794,Ansel,Toghill,atoghillm1@weebly.com,Male,bronze,Innovative dedicated product
795,Mahmoud,Derell,mderellm2@businesswire.com,Male,gold,Adaptive human-resource solution
796,Jackie,Gaskell,jgaskellm3@simplemachines.org,Male,bronze,Function-based transitional budgetary management
797,Evvie,McAster,emcasterm4@biblegateway.com,Female,bronze,Adaptive well-modulated ability
798,Dolorita,Romanin,dromaninm5@moonfruit.com,Female,platinum,Business-focused user-facing emulation
799,Harp,Guttridge,hguttridgem6@lycos.com,Male,gold,Robust real-time framework
800,Bella,Moine,bmoinem7@pcworld.com,Female,platinum,Realigned 3rd generation support
801,Gilly,Stannis,gstannism8@1und1.de,Female,platinum,Open-architected content-based solution
802,Lezley,Altoft,laltoftm9@altervista.org,Male,gold,Universal homogeneous service-desk
803,Kassi,Barlas,kbarlasma@netlog.com,Female,bronze,Reduced bottom-line methodology
804,Addy,Mayger,amaygermb@acquirethisname.com,Male,gold,Total background knowledge user
805,Marcus,Mollitt,mmollittmc@bravesites.com,Male,bronze,Persistent 4th generation initiative
806,Dee dee,Riddlesden,driddlesdenmd@jalbum.net,Female,platinum,Secured foreground array
807,Lorilee,Petford,lpetfordme@dion.ne.jp,Female,gold,Diverse exuding Graphical User Interface
808,Zacharia,Rossander,zrossandermf@bloomberg.com,Male,platinum,Pre-emptive solution-oriented productivity
809,Adelice,Milnthorpe,amilnthorpemg@ovh.net,Female,gold,Intuitive dynamic pricing structure
810,Montague,Lymbourne,mlymbournemh@soundcloud.com,Male,bronze,Cross-group solution-oriented definition
811,Stanly,Georgescu,sgeorgescumi@csmonitor.com,Male,silver,Universal client-server emulation
812,Chandler,MacTeague,cmacteaguemj@wufoo.com,Male,silver,Inverse homogeneous standardization
813,Consalve,Morrallee,cmorralleemk@hostgator.com,Male,bronze,Mandatory demand-driven open architecture
814,Colline,Piquard,cpiquardml@blog.com,Female,silver,Synchronised multi-state protocol
815,Vonny,Hayler,vhaylermm@sohu.com,Female,gold,Progressive zero defect model
816,Evered,Dumbreck,edumbreckmn@dailymail.co.uk,Male,silver,Visionary holistic knowledge base
817,Lavinie,Pierse,lpiersemo@washingtonpost.com,Female,silver,Expanded value-added array
818,Barnett,Tripean,btripeanmp@meetup.com,Male,bronze,Monitored holistic focus group
819,Christian,Pawsey,cpawseymq@spotify.com,Male,silver,Ameliorated 24 hour artificial intelligence
820,Pall,Cheel,pcheelmr@free.fr,Male,gold,Phased client-server hardware
821,Karmen,Hornbuckle,khornbucklems@xrea.com,Female,silver,Devolved web-enabled knowledge user
822,Kirstyn,Till,ktillmt@i2i.jp,Female,gold,Public-key tangible middleware
823,Allie,Kolodziejski,akolodziejskimu@purevolume.com,Male,platinum,Diverse 6th generation orchestration
824,Gerard,Chominski,gchominskimv@example.com,Male,silver,Multi-channelled 24/7 budgetary management
825,Torrence,Stallwood,tstallwoodmw@example.com,Male,gold,Organic empowering functionalities
826,Carlina,Postill,cpostillmx@topsy.com,Female,silver,Fully-configurable impactful application
827,Corrinne,Klamman,cklammanmy@cpanel.net,Female,platinum,Reactive 3rd generation solution
828,Bette,Helmke,bhelmkemz@hostgator.com,Female,bronze,Re-contextualized methodical forecast
829,Biron,Stadden,bstaddenn0@google.nl,Male,bronze,Managed value-added groupware
830,Jessica,Shapter,jshaptern1@prnewswire.com,Female,silver,Triple-buffered bifurcated flexibility
831,Salomone,Mallam,smallamn2@vk.com,Male,platinum,Sharable intermediate secured line
832,Ladonna,Purry,lpurryn3@bigcartel.com,Female,platinum,Focused intangible superstructure
833,Kellen,Audibert,kaudibertn4@boston.com,Female,silver,Innovative optimizing monitoring
834,Leland,Segoe,lsegoen5@house.gov,Female,gold,Enhanced dynamic concept
835,Rees,Dealtry,rdealtryn6@ehow.com,Male,gold,Ameliorated 5th generation time-frame
836,Keith,Kornas,kkornasn7@typepad.com,Male,bronze,Managed encompassing architecture
837,Kristina,Tuerena,ktuerenan8@sciencedirect.com,Female,bronze,Enhanced fresh-thinking hierarchy
838,Tito,Philott,tphilottn9@icio.us,Male,platinum,Phased radical toolset
839,Bryna,McNeil,bmcneilna@jalbum.net,Female,silver,Stand-alone 24 hour paradigm
840,Christy,Brawson,cbrawsonnb@wordpress.org,Female,silver,Sharable leading edge orchestration
841,Jordan,Racine,jracinenc@tinypic.com,Male,silver,Monitored didactic encryption
842,Hewie,Meak,hmeaknd@princeton.edu,Male,platinum,Open-source local system engine
843,Nathalia,Bassil,nbassilne@blinklist.com,Female,gold,Configurable attitude-oriented benchmark
844,Dari,Ceney,dceneynf@smugmug.com,Female,bronze,Compatible mission-critical interface
845,Cammy,Illem,cillemng@addthis.com,Female,gold,Right-sized upward-trending concept
846,Mindy,Lergan,mlergannh@google.fr,Female,bronze,Up-sized actuating Graphical User Interface
847,Kellina,Shreeve,kshreeveni@chronoengine.com,Female,bronze,Profit-focused national success
848,Suzanna,Giovanetti,sgiovanettinj@ibm.com,Female,platinum,Phased logistical data-warehouse
849,Hedvige,Moles,hmolesnk@bing.com,Female,bronze,Right-sized systematic groupware
850,Jamey,Cargill,jcargillnl@hubpages.com,Male,platinum,Synergistic static model
851,Ella,Rentz,erentznm@clickbank.net,Female,gold,Versatile high-level encryption
852,Amaleta,MacMeanma,amacmeanmann@hao123.com,Female,bronze,Team-oriented 6th generation strategy
853,Kipp,Paszek,kpaszekno@cyberchimps.com,Female,silver,Reverse-engineered encompassing encoding
854,Rickey,Ashenhurst,rashenhurstnp@gov.uk,Male,silver,Phased mission-critical ability
855,Vanya,Herety,vheretynq@si.edu,Female,bronze,User-centric holistic structure
856,Durant,Janew,djanewnr@etsy.com,Male,gold,Self-enabling secondary help-desk
857,Astrix,Vise,avisens@over-blog.com,Female,bronze,Synergized 5th generation encoding
858,Berkley,Bricket,bbricketnt@sun.com,Male,platinum,Proactive leading edge functionalities
859,Ole,Marland,omarlandnu@shinystat.com,Male,silver,Networked neutral Graphic Interface
860,Moria,De Carteret,mdecarteretnv@ted.com,Female,silver,Secured optimal model
861,Karylin,Grubb,kgrubbnw@cornell.edu,Female,gold,Universal stable matrix
862,Bartolomeo,Kivelhan,bkivelhannx@angelfire.com,Male,gold,Configurable optimizing project
863,Adamo,Murie,amurieny@usatoday.com,Male,bronze,Vision-oriented mobile throughput
864,Hilton,Francke,hfranckenz@blogtalkradio.com,Male,platinum,Grass-roots web-enabled firmware
865,Nonie,Baily,nbailyo0@umich.edu,Female,platinum,Advanced heuristic utilisation
866,Lynnet,Coase,lcoaseo1@umn.edu,Female,platinum,Reverse-engineered optimizing software
867,Felic,Jillard,fjillardo2@cnn.com,Male,bronze,Stand-alone directional definition
868,Henrietta,Weatherhill,hweatherhillo3@go.com,Female,platinum,Team-oriented zero defect local area network
869,Gardie,Flaxman,gflaxmano4@va.gov,Male,platinum,Grass-roots fresh-thinking projection
870,Brigid,Petigrew,bpetigrewo5@hugedomains.com,Female,gold,Optimized zero administration circuit
871,Cleveland,Hastelow,chastelowo6@si.edu,Male,platinum,Synergized 6th generation function
872,Berky,Feeney,bfeeneyo7@buzzfeed.com,Male,bronze,Synchronised 3rd generation throughput
873,Kelley,Williams,kwilliamso8@whitehouse.gov,Female,bronze,Multi-tiered 24 hour support
874,Krystal,Sparkes,ksparkeso9@si.edu,Female,platinum,Distributed 24 hour adapter
875,Ninette,Witnall,nwitnalloa@tripadvisor.com,Female,silver,Up-sized needs-based frame
876,Ephrayim,Raleston,eralestonob@drupal.org,Male,bronze,Fundamental multimedia customer loyalty
877,Abey,Gilchrist,agilchristoc@cbc.ca,Male,silver,Innovative bifurcated toolset
878,Claudetta,Sutherland,csutherlandod@cargocollective.com,Female,gold,Upgradable intermediate capacity
879,Thelma,Andrew,tandrewoe@aol.com,Female,gold,Diverse user-facing productivity
880,Drugi,Baldazzi,dbaldazziof@dailymotion.com,Male,bronze,Balanced full-range protocol
881,Cristian,Chrismas,cchrismasog@chronoengine.com,Male,bronze,Function-based 24/7 software
882,Blakelee,Adolfsen,badolfsenoh@omniture.com,Female,platinum,Horizontal needs-based installation
883,Heriberto,Taffurelli,htaffurellioi@wix.com,Male,platinum,Secured coherent frame
884,Betty,Berzen,bberzenoj@nps.gov,Female,bronze,Enterprise-wide 6th generation neural-net
885,Jacklin,Docker,jdockerok@about.me,Female,bronze,Progressive radical capability
886,Hersh,Newdick,hnewdickol@blogspot.com,Male,platinum,Multi-tiered disintermediate ability
887,Orton,Dymott,odymottom@blogspot.com,Male,platinum,De-engineered logistical challenge
888,Brett,Jovanovic,bjovanovicon@mac.com,Male,gold,Mandatory empowering forecast
889,Inna,Keoghane,ikeoghaneoo@nature.com,Female,silver,Profound eco-centric matrix
890,Janetta,Scougal,jscougalop@seesaa.net,Female,platinum,Centralized real-time project
891,Riva,Playhill,rplayhilloq@buzzfeed.com,Female,bronze,Distributed multi-state open system
892,Lira,Swynley,lswynleyor@guardian.co.uk,Female,silver,Adaptive client-server model
893,Ronalda,Hansford,rhansfordos@yellowbook.com,Female,gold,Vision-oriented non-volatile challenge
894,Micki,Bygott,mbygottot@sfgate.com,Female,platinum,Adaptive responsive firmware
895,Perl,Hurst,phurstou@alexa.com,Female,platinum,Integrated multi-tasking orchestration
896,Zara,Benedikt,zbenediktov@patch.com,Female,platinum,Cross-group upward-trending task-force
897,Meridith,Colleymore,mcolleymoreow@intel.com,Female,bronze,Multi-tiered regional neural-net
898,Shaylyn,Beardshaw,sbeardshawox@merriam-webster.com,Female,gold,Streamlined motivating encoding
899,Pris,Allix,pallixoy@howstuffworks.com,Female,silver,Programmable composite project
900,Frederik,Chomicz,fchomiczoz@infoseek.co.jp,Male,gold,Devolved mission-critical throughput
901,Lewes,Roome,lroomep0@i2i.jp,Male,bronze,Enhanced dynamic Graphical User Interface
902,Tadio,Galvan,tgalvanp1@jigsy.com,Male,platinum,Vision-oriented non-volatile alliance
903,Trenton,Marquiss,tmarquissp2@foxnews.com,Male,silver,Vision-oriented multi-tasking initiative
904,Nathaniel,Bettleson,nbettlesonp3@irs.gov,Male,bronze,Decentralized full-range workforce
905,Farrand,Morritt,fmorrittp4@tmall.com,Female,gold,Seamless multi-tasking structure
906,Kile,Blanning,kblanningp5@ucsd.edu,Male,platinum,Enhanced directional encoding
907,Sharl,Advani,sadvanip6@typepad.com,Female,silver,Up-sized regional policy
908,Boony,Stivey,bstiveyp7@answers.com,Male,bronze,Face to face national concept
909,Jennifer,Sterndale,jsterndalep8@qq.com,Female,platinum,Grass-roots neutral process improvement
910,Wandie,Stinchcombe,wstinchcombep9@weather.com,Female,gold,Vision-oriented impactful structure
911,Dun,Enderlein,denderleinpa@moonfruit.com,Male,bronze,Expanded actuating flexibility
912,Myrna,Shanks,mshankspb@senate.gov,Female,bronze,Face to face coherent Graphic Interface
913,Beryl,Harbidge,bharbidgepc@elegantthemes.com,Female,silver,Synchronised dynamic framework
914,Elden,Kenion,ekenionpd@dropbox.com,Male,gold,Team-oriented grid-enabled emulation
915,Lorry,Pietruszka,lpietruszkape@wisc.edu,Female,platinum,Vision-oriented methodical model
916,Baron,Jurn,bjurnpf@homestead.com,Male,platinum,Reactive full-range emulation
917,Stanley,Glowinski,sglowinskipg@geocities.jp,Male,silver,Innovative didactic firmware
918,Carmina,Reedyhough,creedyhoughph@cnbc.com,Female,silver,Centralized executive success
919,Gaylor,Hadaway,ghadawaypi@mediafire.com,Male,platinum,Persistent tertiary core
920,Merilyn,Cartmell,mcartmellpj@studiopress.com,Female,silver,User-friendly asynchronous orchestration
921,Barth,Gierck,bgierckpk@zdnet.com,Male,platinum,Up-sized exuding website
922,Michele,Ciciura,mciciurapl@twitpic.com,Female,bronze,Digitized solution-oriented time-frame
923,Zebedee,Patinkin,zpatinkinpm@constantcontact.com,Male,silver,Ameliorated grid-enabled methodology
924,Skye,Blackney,sblackneypn@squarespace.com,Male,bronze,De-engineered directional database
925,Addie,Hyder,ahyderpo@theglobeandmail.com,Female,platinum,Polarised executive matrices
926,Adolphe,Hake,ahakepp@fastcompany.com,Male,gold,Multi-layered national knowledge base
927,Flory,Tipens,ftipenspq@marriott.com,Female,silver,Quality-focused modular strategy
928,Dorian,Simoni,dsimonipr@dailymail.co.uk,Male,silver,Fundamental uniform pricing structure
929,Jere,Kob,jkobps@geocities.jp,Male,gold,Automated explicit product
930,Stefania,Fermer,sfermerpt@ibm.com,Female,silver,Quality-focused asymmetric intranet
931,Rae,Rackley,rrackleypu@mozilla.com,Female,silver,Adaptive static definition
932,Karrie,Hamlett,khamlettpv@privacy.gov.au,Female,gold,Decentralized coherent paradigm
933,Cammi,Fulger,cfulgerpw@yale.edu,Female,silver,Assimilated client-server knowledge base
934,Sayre,McGuirk,smcguirkpx@blogspot.com,Male,gold,Distributed cohesive Graphic Interface
935,Savina,Eastment,seastmentpy@twitpic.com,Female,silver,Focused intermediate utilisation
936,Rees,Gunney,rgunneypz@telegraph.co.uk,Male,bronze,Total global customer loyalty
937,Jesselyn,Scarlin,jscarlinq0@adobe.com,Female,silver,Front-line fault-tolerant structure
938,Nathanil,Camelin,ncamelinq1@forbes.com,Male,gold,Reactive impactful migration
939,Brendis,Stearne,bstearneq2@alexa.com,Male,silver,Diverse user-facing model
940,Madel,Tetley,mtetleyq3@hao123.com,Female,bronze,Managed systemic implementation
941,Link,Newitt,lnewittq4@w3.org,Male,platinum,Seamless transitional intranet
942,Angelia,Akid,aakidq5@apache.org,Female,gold,Profound 6th generation concept
943,Ellie,Commander,ecommanderq6@ihg.com,Female,platinum,Balanced 24 hour success
944,Sauveur,Lamping,slampingq7@yolasite.com,Male,platinum,Virtual didactic adapter
945,Bryce,Rountree,brountreeq8@meetup.com,Male,platinum,Progressive discrete knowledge base
946,Kylie,Dimmer,kdimmerq9@virginia.edu,Female,platinum,Proactive intermediate definition
947,Constanta,McOwan,cmcowanqa@twitpic.com,Female,silver,User-centric encompassing migration
948,Anestassia,Hebblewhite,ahebblewhiteqb@github.com,Female,platinum,Balanced scalable initiative
949,Lenee,Covely,lcovelyqc@yale.edu,Female,gold,Synergized holistic approach
950,Artair,Juste,ajusteqd@cmu.edu,Male,gold,Ameliorated coherent definition
951,Yoshiko,Jodkowski,yjodkowskiqe@acquirethisname.com,Female,platinum,Progressive composite help-desk
952,Pall,Mulmuray,pmulmurayqf@archive.org,Male,bronze,Front-line 5th generation encryption
953,Eve,O'Glessane,eoglessaneqg@nationalgeographic.com,Female,silver,Exclusive system-worthy strategy
954,Friedrich,Jeggo,fjeggoqh@msn.com,Male,silver,Balanced attitude-oriented adapter
955,Benyamin,Warmington,bwarmingtonqi@yandex.ru,Male,bronze,Realigned explicit workforce
956,Annaliese,Stear,astearqj@tmall.com,Female,gold,Configurable intermediate open architecture
957,Lexy,Clericoates,lclericoatesqk@state.tx.us,Female,silver,Sharable modular initiative
958,Fara,Stiffell,fstiffellql@dropbox.com,Female,silver,Total well-modulated function
959,Felic,Veasey,fveaseyqm@cafepress.com,Male,bronze,Customizable zero tolerance instruction set
960,Wallie,Shreeves,wshreevesqn@go.com,Female,silver,Pre-emptive dynamic project
961,Davine,Hartzogs,dhartzogsqo@sfgate.com,Female,gold,Re-engineered value-added matrices
962,Boyd,Frowde,bfrowdeqp@scientificamerican.com,Male,platinum,User-friendly 6th generation protocol
963,Kirk,Olensby,kolensbyqq@angelfire.com,Male,gold,Triple-buffered mission-critical framework
964,Adolf,Bartunek,abartunekqr@about.com,Male,gold,Exclusive next generation ability
965,Gabbi,Falconer,gfalconerqs@cdbaby.com,Female,bronze,Cross-group scalable projection
966,Elbertine,Joannidi,ejoannidiqt@taobao.com,Female,bronze,Implemented web-enabled pricing structure
967,Kristoforo,Early,kearlyqu@php.net,Male,bronze,Programmable analyzing policy
968,Julie,Ducker,jduckerqv@ted.com,Male,gold,Fully-configurable contextually-based hardware
969,Nannette,Cockerton,ncockertonqw@redcross.org,Female,gold,Automated didactic functionalities
970,Herman,Bish,hbishqx@godaddy.com,Male,platinum,Enhanced foreground algorithm
971,Veronique,Bloys,vbloysqy@scribd.com,Female,gold,Mandatory multi-tasking algorithm
972,Bertine,Padbery,bpadberyqz@nhs.uk,Female,silver,Switchable dedicated neural-net
973,Thatch,Lemonnier,tlemonnierr0@berkeley.edu,Male,bronze,Robust tertiary approach
974,Danyette,Candlish,dcandlishr1@macromedia.com,Female,platinum,Multi-tiered intangible project
975,Nickola,Sleep,nsleepr2@oracle.com,Male,bronze,Networked fresh-thinking attitude
976,Maxie,Mitchelson,mmitchelsonr3@vistaprint.com,Male,bronze,Networked even-keeled policy
977,Bertrando,Gabbat,bgabbatr4@unblog.fr,Male,gold,Vision-oriented human-resource array
978,Jeremie,Cooper,jcooperr5@cornell.edu,Male,silver,Cross-group bifurcated workforce
979,Fran,Cochran,fcochranr6@php.net,Female,bronze,Organized web-enabled secured line
980,Gayle,Poundford,gpoundfordr7@skype.com,Female,gold,Secured static hierarchy
981,Paule,Statham,pstathamr8@jalbum.net,Female,silver,Advanced even-keeled solution
982,Lotti,Glancy,lglancyr9@furl.net,Female,gold,Ameliorated modular intranet
983,Timmie,Baumber,tbaumberra@istockphoto.com,Male,gold,Progressive stable monitoring
984,Roanna,Hairs,rhairsrb@japanpost.jp,Female,silver,Sharable dedicated moratorium
985,Victor,St Angel,vstangelrc@earthlink.net,Male,platinum,Switchable modular synergy
986,Jimmie,O'Kinedy,jokinedyrd@census.gov,Male,gold,Progressive bi-directional secured line
987,Teodoro,Putland,tputlandre@home.pl,Male,silver,Business-focused asymmetric internet solution
988,Gerome,Stirman,gstirmanrf@webmd.com,Male,silver,Grass-roots bandwidth-monitored circuit
989,Melesa,Mellem,mmellemrg@yahoo.com,Female,bronze,Secured tangible adapter
990,Warner,Locock,wlocockrh@unicef.org,Male,gold,Stand-alone full-range product
991,Demetri,Bugby,dbugbyri@rediff.com,Male,gold,Cloned tertiary adapter
992,Marc,Schwieso,mschwiesorj@elpais.com,Male,bronze,Profit-focused high-level forecast
993,Oralee,Grassi,ograssirk@mashable.com,Female,gold,Reduced dynamic architecture
994,Biddie,Chaffen,bchaffenrl@army.mil,Female,silver,Managed clear-thinking internet solution
995,Brose,Glasson,bglassonrm@bloglines.com,Male,platinum,Devolved discrete focus group
996,Patrice,Dounbare,pdounbarern@opensource.org,Female,silver,Cloned logistical project
997,Taite,Darrigrand,tdarrigrandro@wunderground.com,Male,platinum,Reduced encompassing matrices
998,Jervis,Baldoni,jbaldonirp@google.fr,Male,platinum,Reduced zero tolerance support
999,West,Pettendrich,wpettendrichrq@shinystat.com,Male,gold,Robust dynamic collaboration
1000,Alfred,Tanfield,atanfieldrr@dion.ne.jp,Male,gold,Customizable content-based open architecture
